datetime,open,high,low,close,volume
2021-12-30T00:00:00+05:30,172.0,174.76,169.2,174.21,3307
2021-12-31T00:00:00+05:30,174.1,175.0,173.0,174.41,534
2022-01-03T00:00:00+05:30,175.5,176.25,175.0,176.15,2788
2022-01-04T00:00:00+05:30,176.6,177.25,176.5,177.0,221
2022-01-05T00:00:00+05:30,178.0,178.25,177.0,177.65,2198
2022-01-06T00:00:00+05:30,177.1,178.0,174.2,177.55,309
2022-01-07T00:00:00+05:30,178.0,179.0,177.25,178.51,1215
2022-01-10T00:00:00+05:30,178.1,182.4,176.1,178.85,9227
2022-01-11T00:00:00+05:30,179.0,179.5,179.0,179.15,321
2022-01-12T00:00:00+05:30,178.1,181.5,177.1,181.25,1901
2022-01-13T00:00:00+05:30,182.0,182.25,181.0,182.0,6296
2022-01-14T00:00:00+05:30,183.0,183.5,181.1,182.0,437
2022-01-17T00:00:00+05:30,183.0,184.0,182.75,184.0,631
2022-01-18T00:00:00+05:30,183.1,184.0,182.0,182.27,808
2022-01-19T00:00:00+05:30,182.1,182.1,178.3,179.5,1025
2022-01-20T00:00:00+05:30,179.5,179.5,178.25,178.72,4600
2022-01-21T00:00:00+05:30,178.72,178.72,175.25,176.51,1178
2022-01-24T00:00:00+05:30,176.52,177.0,172.5,172.92,263
2022-01-25T00:00:00+05:30,168.3,174.0,168.3,172.35,1543
2022-01-27T00:00:00+05:30,173.0,173.0,168.9,170.84,1344
2022-01-28T00:00:00+05:30,171.94,173.75,171.51,172.12,712
2022-01-31T00:00:00+05:30,172.99,173.75,171.5,173.0,522
2022-02-01T00:00:00+05:30,172.5,179.0,172.5,175.4,3596
2022-02-02T00:00:00+05:30,177.0,178.0,176.0,177.1,177
2022-02-03T00:00:00+05:30,180.0,180.0,176.5,177.0,155
2022-02-04T00:00:00+05:30,177.5,177.5,174.0,175.0,167
2022-02-07T00:00:00+05:30,174.0,176.5,172.87,173.5,2267
2022-02-08T00:00:00+05:30,172.5,174.5,171.21,172.25,590
2022-02-09T00:00:00+05:30,173.0,174.5,173.0,174.5,149
2022-02-10T00:00:00+05:30,175.0,177.0,174.93,176.0,528
2022-02-11T00:00:00+05:30,176.5,176.5,173.2,173.89,342
2022-02-14T00:00:00+05:30,173.89,173.89,169.25,169.49,306187
2022-02-15T00:00:00+05:30,169.5,173.9,167.5,172.96,718
2022-02-16T00:00:00+05:30,173.0,174.75,173.0,173.89,318
2022-02-17T00:00:00+05:30,174.25,174.5,172.75,173.6,734
2022-02-18T00:00:00+05:30,174.0,174.0,170.8,173.58,629
2022-02-21T00:00:00+05:30,173.1,173.1,170.75,172.65,882
2022-02-22T00:00:00+05:30,171.1,171.1,167.3,170.97,661
2022-02-24T00:00:00+05:30,170.85,170.85,162.0,164.35,6996
2022-02-25T00:00:00+05:30,164.8,167.25,164.8,167.0,1064
2022-02-28T00:00:00+05:30,167.3,167.5,164.5,166.44,762
2022-03-02T00:00:00+05:30,171.43,171.43,165.0,165.25,323
2022-03-03T00:00:00+05:30,165.8,167.25,164.75,165.02,1266
2022-03-04T00:00:00+05:30,168.6,168.6,162.0,163.25,1471
2022-03-07T00:00:00+05:30,161.01,165.4,160.0,165.06,5963
2022-03-08T00:00:00+05:30,166.0,166.0,156.5,159.83,57866
2022-03-09T00:00:00+05:30,160.8,165.0,160.5,162.04,2567
2022-03-10T00:00:00+05:30,162.8,168.5,162.8,165.75,1017
2022-03-11T00:00:00+05:30,166.0,166.45,166.0,166.45,15
2022-03-14T00:00:00+05:30,166.8,168.75,166.8,168.5,1239
2022-03-15T00:00:00+05:30,168.75,168.75,166.3,166.3,458
2022-03-16T00:00:00+05:30,168.0,169.74,166.8,169.71,1904
2022-03-17T00:00:00+05:30,171.0,173.39,171.0,173.0,1658
2022-03-21T00:00:00+05:30,177.0,177.0,171.5,171.5,322
2022-03-22T00:00:00+05:30,171.3,173.25,170.5,173.2,1454
2022-03-23T00:00:00+05:30,173.8,174.25,172.75,173.0,154
2022-03-24T00:00:00+05:30,172.5,173.25,171.75,172.7,923
2022-03-25T00:00:00+05:30,176.6,176.6,168.3,171.5,2449
2022-03-28T00:00:00+05:30,168.3,172.25,168.3,172.25,2246
2022-03-29T00:00:00+05:30,172.8,173.5,172.75,173.0,1337
2022-03-30T00:00:00+05:30,173.8,175.1,173.8,175.0,542
2022-03-31T00:00:00+05:30,175.25,175.6,174.6,174.8,53710
2022-04-01T00:00:00+05:30,175.0,176.71,175.0,176.56,1235
2022-04-04T00:00:00+05:30,176.8,180.0,176.5,179.5,1623
2022-04-05T00:00:00+05:30,179.8,181.0,179.75,180.79,14363
2022-04-06T00:00:00+05:30,180.3,180.3,177.75,178.5,3045
2022-04-07T00:00:00+05:30,177.75,178.24,176.75,176.78,614
2022-04-08T00:00:00+05:30,177.0,178.85,176.75,177.75,5786
2022-04-11T00:00:00+05:30,178.0,179.0,177.32,178.8,244
2022-04-12T00:00:00+05:30,177.5,178.0,174.3,175.96,606
2022-04-13T00:00:00+05:30,180.0,180.0,175.25,175.5,108
2022-04-18T00:00:00+05:30,160.0,177.8,160.0,172.35,3906
2022-04-19T00:00:00+05:30,172.3,173.0,169.15,169.69,619
2022-04-20T00:00:00+05:30,170.8,172.0,170.8,171.53,292
2022-04-21T00:00:00+05:30,172.0,174.2,172.0,173.79,608
2022-04-22T00:00:00+05:30,173.3,174.0,171.75,172.0,1804
2022-04-25T00:00:00+05:30,171.4,171.7,170.0,170.0,3588
2022-04-26T00:00:00+05:30,171.25,172.25,171.25,172.12,1024
2022-04-27T00:00:00+05:30,171.5,171.5,170.52,171.0,306
2022-04-28T00:00:00+05:30,171.5,173.3,171.5,173.0,65
2022-04-29T00:00:00+05:30,173.0,174.0,171.6,171.76,1114
2022-05-02T00:00:00+05:30,171.5,171.8,169.75,171.0,3086
2022-05-04T00:00:00+05:30,171.0,171.0,167.5,167.95,810
2022-05-05T00:00:00+05:30,168.7,169.75,167.0,168.39,348
2022-05-06T00:00:00+05:30,167.75,167.75,164.25,164.82,27044
2022-05-09T00:00:00+05:30,164.81,164.81,162.0,164.0,9008
2022-05-10T00:00:00+05:30,164.0,164.25,163.0,163.0,957
2022-05-11T00:00:00+05:30,162.5,163.0,160.75,162.75,19346
2022-05-12T00:00:00+05:30,162.0,162.0,158.05,159.52,6056
2022-05-13T00:00:00+05:30,160.0,162.0,158.5,158.89,5400
2022-05-16T00:00:00+05:30,159.0,159.8,159.0,159.79,6952
2022-05-17T00:00:00+05:30,160.0,163.0,160.0,162.84,2923
2022-05-18T00:00:00+05:30,163.25,164.25,162.8,163.75,250
2022-05-19T00:00:00+05:30,162.8,162.8,158.75,159.03,26825
2022-05-20T00:00:00+05:30,160.0,162.8,160.0,162.0,14543
2022-05-23T00:00:00+05:30,163.0,164.75,162.75,164.0,1015
2022-05-24T00:00:00+05:30,163.3,163.5,161.75,161.75,1332
2022-05-25T00:00:00+05:30,162.5,162.99,161.5,162.85,1059
2022-05-26T00:00:00+05:30,163.0,163.0,160.01,162.72,1591
2022-05-27T00:00:00+05:30,163.0,165.0,162.75,163.76,76307
2022-05-30T00:00:00+05:30,164.0,167.25,164.0,167.0,507
2022-05-31T00:00:00+05:30,168.0,168.2,166.75,166.75,175
2022-06-01T00:00:00+05:30,167.0,168.0,165.75,166.08,140
2022-06-02T00:00:00+05:30,166.5,167.4,166.25,166.75,172
2022-06-03T00:00:00+05:30,167.0,169.25,167.0,167.72,833
2022-06-06T00:00:00+05:30,166.5,167.5,166.0,167.37,8083
2022-06-07T00:00:00+05:30,167.0,167.0,164.9,165.75,5270
2022-06-08T00:00:00+05:30,166.0,168.0,164.5,164.62,12550
2022-06-09T00:00:00+05:30,165.0,165.6,164.0,165.45,6723
2022-06-10T00:00:00+05:30,165.0,165.0,163.01,163.5,12705
2022-06-13T00:00:00+05:30,161.1,161.1,158.1,160.0,15181
2022-06-14T00:00:00+05:30,159.5,159.5,157.01,159.0,4238
2022-06-15T00:00:00+05:30,158.9,159.25,158.3,158.6,339
2022-06-16T00:00:00+05:30,159.0,160.0,155.01,155.72,4552
2022-06-17T00:00:00+05:30,156.9,156.9,154.05,154.7,1401
2022-06-20T00:00:00+05:30,154.5,154.75,154.05,154.75,243
2022-06-21T00:00:00+05:30,156.0,158.0,155.0,158.0,345
2022-06-22T00:00:00+05:30,157.5,157.5,155.25,155.8,257
2022-06-23T00:00:00+05:30,156.0,157.75,154.0,156.25,11627
2022-06-24T00:00:00+05:30,157.0,158.5,156.76,157.48,964
2022-06-27T00:00:00+05:30,158.0,159.75,158.0,159.75,102
2022-06-28T00:00:00+05:30,159.0,159.25,157.56,158.5,5505
2022-06-29T00:00:00+05:30,158.93,159.72,157.3,159.72,515
2022-06-30T00:00:00+05:30,160.0,161.0,158.75,158.78,2173
2022-07-01T00:00:00+05:30,159.0,159.0,156.75,158.47,335
2022-07-04T00:00:00+05:30,158.3,159.19,156.3,159.09,616
2022-07-05T00:00:00+05:30,162.3,162.3,159.2,159.39,25566
2022-07-06T00:00:00+05:30,159.65,161.25,159.65,161.03,7799
2022-07-07T00:00:00+05:30,162.0,162.5,161.75,162.49,13796
2022-07-08T00:00:00+05:30,162.3,163.25,162.3,163.03,20468
2022-07-11T00:00:00+05:30,162.75,163.25,162.25,162.78,492
2022-07-12T00:00:00+05:30,163.0,163.0,161.75,161.95,36
2022-07-13T00:00:00+05:30,162.18,162.49,161.25,161.29,325
2022-07-14T00:00:00+05:30,161.5,162.21,160.0,160.86,549
2022-07-15T00:00:00+05:30,161.0,162.25,161.0,161.83,501
2022-07-18T00:00:00+05:30,166.05,166.05,162.0,163.81,876
2022-07-19T00:00:00+05:30,164.0,164.5,163.78,164.5,1749
2022-07-20T00:00:00+05:30,165.0,166.96,165.0,166.24,423
2022-07-21T00:00:00+05:30,166.37,167.25,166.37,167.24,708
2022-07-22T00:00:00+05:30,171.48,171.48,167.5,168.33,1119
2022-07-25T00:00:00+05:30,173.35,173.35,167.2,167.2,4317
2022-07-26T00:00:00+05:30,166.3,167.0,166.3,166.7,4026
2022-07-27T00:00:00+05:30,169.5,169.5,166.3,167.7,1162
2022-07-28T00:00:00+05:30,165.75,170.5,165.75,170.25,1406
2022-07-29T00:00:00+05:30,171.0,173.0,171.0,172.8,6528
2022-08-01T00:00:00+05:30,173.45,174.75,173.45,174.7,1508
2022-08-02T00:00:00+05:30,175.0,175.25,173.95,174.85,992
2022-08-03T00:00:00+05:30,174.5,175.35,174.0,174.9,1621
2022-08-04T00:00:00+05:30,176.3,176.5,173.5,174.95,7392
2022-08-05T00:00:00+05:30,175.95,176.25,175.2,175.5,6726
2022-08-08T00:00:00+05:30,175.5,176.75,175.25,176.5,4206
2022-08-10T00:00:00+05:30,176.0,178.0,176.0,176.55,4713
2022-08-11T00:00:00+05:30,177.0,178.5,177.0,178.0,4194
2022-08-12T00:00:00+05:30,177.75,178.9,177.75,178.5,440
2022-08-16T00:00:00+05:30,182.0,182.0,179.0,179.6,5627
2022-08-17T00:00:00+05:30,180.0,181.15,180.0,180.9,1180
2022-08-18T00:00:00+05:30,180.55,181.7,180.55,181.4,1602
2022-08-19T00:00:00+05:30,181.3,182.0,179.4,179.7,7794
2022-08-22T00:00:00+05:30,175.05,179.5,175.05,177.2,7953
2022-08-23T00:00:00+05:30,177.2,177.75,176.5,177.65,1394
2022-08-24T00:00:00+05:30,177.3,177.9,177.25,177.5,7218
2022-08-25T00:00:00+05:30,178.6,178.9,176.75,177.05,985
2022-08-26T00:00:00+05:30,177.5,178.0,177.5,177.65,252
2022-08-29T00:00:00+05:30,177.15,177.15,174.55,174.75,412
2022-08-30T00:00:00+05:30,174.0,180.15,174.0,179.1,4176
2022-09-01T00:00:00+05:30,178.3,179.4,173.75,177.45,1345
2022-09-02T00:00:00+05:30,178.0,178.5,176.95,177.25,1475388
2022-09-05T00:00:00+05:30,177.2,178.5,177.2,178.5,280
2022-09-06T00:00:00+05:30,178.65,179.0,177.95,178.95,4509
2022-09-07T00:00:00+05:30,177.9,178.25,177.5,178.1,4602
2022-09-08T00:00:00+05:30,178.9,182.95,178.9,179.8,4377
2022-09-09T00:00:00+05:30,180.1,180.9,179.51,180.12,2297
2022-09-12T00:00:00+05:30,184.4,184.4,180.4,181.35,48920
2022-09-13T00:00:00+05:30,181.6,182.35,181.6,182.35,283
2022-09-14T00:00:00+05:30,180.8,182.5,177.4,181.9,2254
2022-09-15T00:00:00+05:30,182.0,182.65,180.85,181.45,2528
2022-09-16T00:00:00+05:30,181.3,181.3,177.05,178.0,79915
2022-09-19T00:00:00+05:30,178.0,180.0,176.5,177.85,6781
2022-09-20T00:00:00+05:30,178.1,180.8,178.0,180.3,1582
2022-09-21T00:00:00+05:30,180.6,180.6,179.0,179.65,4578
2022-09-22T00:00:00+05:30,179.8,179.8,177.5,178.9,4575
2022-09-23T00:00:00+05:30,178.8,178.8,175.0,175.4,1593
2022-09-26T00:00:00+05:30,174.8,175.3,171.5,171.5,21716
2022-09-27T00:00:00+05:30,172.1,173.5,171.75,172.7,3768
2022-09-28T00:00:00+05:30,172.6,172.6,170.4,170.4,4623
2022-09-29T00:00:00+05:30,171.6,172.1,169.7,170.3,1237
2022-09-30T00:00:00+05:30,170.3,173.0,170.25,171.3,4566
2022-10-03T00:00:00+05:30,176.25,176.25,169.5,170.15,1400878
2022-10-04T00:00:00+05:30,171.1,174.85,171.1,174.25,3873
2022-10-06T00:00:00+05:30,172.05,176.25,172.05,175.8,323
2022-10-07T00:00:00+05:30,171.6,175.2,171.55,175.0,3372
2022-10-10T00:00:00+05:30,172.65,174.35,172.65,174.15,456
2022-10-11T00:00:00+05:30,173.8,173.95,171.9,173.5,7287
2022-10-12T00:00:00+05:30,171.8,173.25,169.8,173.25,5976
2022-10-13T00:00:00+05:30,172.8,172.95,171.75,172.45,987
2022-10-14T00:00:00+05:30,173.1,175.0,173.1,174.15,2139
2022-10-17T00:00:00+05:30,173.5,174.7,173.25,174.4,4782
2022-10-18T00:00:00+05:30,175.95,176.85,175.95,176.5,4482
2022-10-19T00:00:00+05:30,176.75,177.5,176.3,176.45,1346
2022-10-20T00:00:00+05:30,179.6,179.6,176.25,177.0,885
2022-10-21T00:00:00+05:30,177.1,178.6,177.1,178.2,4929
2022-10-24T00:00:00+05:30,183.45,183.45,179.0,179.15,102177
2022-10-25T00:00:00+05:30,178.8,179.25,177.8,177.85,1089
2022-10-27T00:00:00+05:30,180.7,180.7,178.75,179.15,890
2022-10-28T00:00:00+05:30,179.25,180.0,179.25,179.5,1228
2022-10-31T00:00:00+05:30,180.0,181.7,180.0,181.5,834
2022-11-01T00:00:00+05:30,182.0,183.75,182.0,183.2,1567
2022-11-02T00:00:00+05:30,183.05,183.45,182.0,182.55,1388
2022-11-03T00:00:00+05:30,182.5,183.5,182.0,182.25,4663
2022-11-04T00:00:00+05:30,182.35,183.4,182.2,182.8,1204
2022-11-07T00:00:00+05:30,183.1,184.0,182.75,183.65,1575
2022-11-09T00:00:00+05:30,184.0,184.25,183.5,183.5,5895
2022-11-10T00:00:00+05:30,183.1,183.2,182.0,182.25,5115
2022-11-11T00:00:00+05:30,188.55,188.55,181.55,185.3,2974
2022-11-14T00:00:00+05:30,185.3,186.35,184.75,185.0,5612
2022-11-15T00:00:00+05:30,185.2,185.85,184.7,185.8,3978
2022-11-16T00:00:00+05:30,185.6,186.1,185.3,185.75,12198
2022-11-17T00:00:00+05:30,185.5,186.0,184.8,185.15,857
2022-11-18T00:00:00+05:30,185.15,185.15,184.0,185.0,1149
2022-11-21T00:00:00+05:30,184.35,184.35,183.5,183.5,736
2022-11-22T00:00:00+05:30,183.5,184.65,183.5,184.2,308
2022-11-23T00:00:00+05:30,184.6,185.1,184.6,184.75,4314
2022-11-24T00:00:00+05:30,185.1,186.7,185.0,186.45,2053
2022-11-25T00:00:00+05:30,184.55,186.9,184.55,186.7,1098
2022-11-28T00:00:00+05:30,186.9,188.0,186.9,187.45,1161
2022-11-29T00:00:00+05:30,187.7,188.4,187.7,187.7,4818
2022-11-30T00:00:00+05:30,188.35,189.9,188.25,189.15,3280
2022-12-01T00:00:00+05:30,190.35,190.6,190.0,190.0,4434
2022-12-02T00:00:00+05:30,190.5,190.5,188.75,188.95,57
2022-12-05T00:00:00+05:30,188.75,188.85,187.95,188.6,4836
2022-12-06T00:00:00+05:30,188.5,188.5,188.0,188.3,1294
2022-12-07T00:00:00+05:30,187.8,188.8,187.3,187.3,3756
2022-12-08T00:00:00+05:30,187.0,188.25,183.55,188.0,296
2022-12-09T00:00:00+05:30,188.2,188.4,186.35,186.45,228
2022-12-12T00:00:00+05:30,186.3,187.25,186.2,186.6,338
2022-12-13T00:00:00+05:30,187.0,188.05,186.95,187.75,5880
2022-12-14T00:00:00+05:30,187.5,188.75,187.5,187.84,2326
2022-12-15T00:00:00+05:30,187.8,188.15,186.0,186.15,1075
2022-12-16T00:00:00+05:30,185.8,185.85,184.2,184.8,3996
2022-12-19T00:00:00+05:30,185.0,186.5,184.6,186.5,4545
2022-12-20T00:00:00+05:30,185.35,185.65,184.4,185.5,13198
2022-12-21T00:00:00+05:30,183.65,186.9,182.7,184.35,856
2022-12-22T00:00:00+05:30,184.2,184.6,182.75,183.75,988
2022-12-23T00:00:00+05:30,182.8,182.9,180.0,180.65,6108
2022-12-26T00:00:00+05:30,180.9,183.1,180.9,181.45,580
2022-12-27T00:00:00+05:30,182.7,183.8,182.0,182.85,57818
2022-12-28T00:00:00+05:30,183.09,184.14,182.31,184.14,258
2022-12-29T00:00:00+05:30,184.07,184.25,182.5,183.44,5242
2022-12-30T00:00:00+05:30,188.4,188.4,182.57,182.58,642
2023-01-02T00:00:00+05:30,182.8,184.57,182.8,182.92,648
2023-01-03T00:00:00+05:30,183.2,184.35,183.0,183.1,5346
2023-01-04T00:00:00+05:30,183.8,183.8,181.92,181.92,1049
2023-01-05T00:00:00+05:30,182.3,182.8,181.01,182.39,320
2023-01-06T00:00:00+05:30,183.6,185.3,180.05,180.13,1486
2023-01-09T00:00:00+05:30,180.66,183.1,180.66,182.16,2439
2023-01-10T00:00:00+05:30,182.17,182.29,180.51,181.0,445
2023-01-11T00:00:00+05:30,180.8,181.5,180.42,180.48,647
2023-01-12T00:00:00+05:30,180.85,180.9,179.9,180.3,199
2023-01-13T00:00:00+05:30,180.15,181.7,179.8,181.53,1216
2023-01-16T00:00:00+05:30,181.5,181.75,180.51,181.62,371
2023-01-17T00:00:00+05:30,182.0,182.49,182.0,182.49,122
2023-01-18T00:00:00+05:30,182.16,184.12,182.16,184.0,33495
2023-01-19T00:00:00+05:30,183.81,183.81,183.01,183.5,361
2023-01-20T00:00:00+05:30,182.75,183.4,182.31,182.5,887
2023-01-23T00:00:00+05:30,181.01,184.0,181.01,183.7,79
2023-01-24T00:00:00+05:30,185.0,185.0,182.64,182.88,862
2023-01-25T00:00:00+05:30,182.35,182.35,180.9,181.06,532
2023-01-27T00:00:00+05:30,180.0,180.0,177.1,177.9,192224
2023-01-30T00:00:00+05:30,177.9,180.99,176.51,178.21,1799
2023-01-31T00:00:00+05:30,178.25,178.86,177.81,178.71,8010
2023-02-01T00:00:00+05:30,178.99,181.49,177.01,178.0,8920
2023-02-02T00:00:00+05:30,178.28,178.8,177.49,178.8,568
2023-02-03T00:00:00+05:30,182.57,184.11,178.3,180.09,486
2023-02-06T00:00:00+05:30,180.6,180.6,179.25,179.5,6297
2023-02-07T00:00:00+05:30,183.33,183.33,179.15,179.25,333
2023-02-08T00:00:00+05:30,179.5,181.0,179.5,180.75,294
2023-02-09T00:00:00+05:30,180.15,181.1,180.15,181.0,894
2023-02-10T00:00:00+05:30,180.7,181.28,180.17,180.17,324
2023-02-13T00:00:00+05:30,180.25,180.5,179.7,179.7,467
2023-02-14T00:00:00+05:30,180.05,181.09,180.0,181.09,693
2023-02-15T00:00:00+05:30,181.0,182.0,181.0,182.0,842
2023-02-16T00:00:00+05:30,178.5,183.25,178.5,182.05,388
2023-02-17T00:00:00+05:30,182.0,182.25,181.5,181.5,359
2023-02-20T00:00:00+05:30,186.95,186.95,180.9,180.9,293
2023-02-21T00:00:00+05:30,181.05,181.5,180.25,180.75,575
2023-02-22T00:00:00+05:30,180.45,180.45,177.65,177.65,1148
2023-02-23T00:00:00+05:30,177.9,178.49,177.49,177.5,603
2023-02-24T00:00:00+05:30,178.0,178.0,176.5,177.25,3224
2023-02-27T00:00:00+05:30,176.5,176.67,174.81,176.6,976
2023-02-28T00:00:00+05:30,173.65,177.0,173.65,173.65,3693
2023-03-01T00:00:00+05:30,176.9,177.25,175.8,176.98,634
2023-03-02T00:00:00+05:30,176.5,176.5,175.33,175.99,759
2023-03-03T00:00:00+05:30,176.15,178.4,176.15,178.4,3987
2023-03-06T00:00:00+05:30,178.92,180.19,178.92,179.35,243
2023-03-08T00:00:00+05:30,179.0,179.43,178.45,179.18,1080
2023-03-09T00:00:00+05:30,179.32,179.5,178.1,178.5,3687
2023-03-10T00:00:00+05:30,177.01,177.01,175.8,176.4,744
2023-03-13T00:00:00+05:30,176.31,177.08,173.75,174.69,5847
2023-03-14T00:00:00+05:30,174.03,174.85,172.55,172.76,4726
2023-03-15T00:00:00+05:30,173.64,174.0,172.25,173.0,3903
2023-03-16T00:00:00+05:30,171.95,172.5,171.08,172.43,3747
2023-03-17T00:00:00+05:30,172.84,173.82,172.25,173.4,1596
2023-03-20T00:00:00+05:30,172.41,172.46,170.95,171.54,5414
2023-03-21T00:00:00+05:30,172.09,173.59,172.09,173.42,2102
2023-03-22T00:00:00+05:30,174.72,174.72,173.5,174.06,4764
2023-03-23T00:00:00+05:30,173.4,174.25,172.32,172.32,4494
2023-03-24T00:00:00+05:30,172.8,173.11,171.75,171.75,6360
2023-03-27T00:00:00+05:30,172.01,172.51,171.75,171.88,3429
2023-03-28T00:00:00+05:30,172.15,173.5,171.51,172.45,5386
2023-03-29T00:00:00+05:30,172.74,173.36,172.25,172.68,4179
2023-03-31T00:00:00+05:30,172.99,175.6,172.99,175.5,2340
2023-04-03T00:00:00+05:30,176.76,176.76,175.22,175.82,507
2023-04-05T00:00:00+05:30,176.15,177.58,176.11,177.58,4452
2023-04-06T00:00:00+05:30,177.75,178.5,177.11,178.48,9030
2023-04-10T00:00:00+05:30,178.11,179.0,178.02,178.45,6078
2023-04-11T00:00:00+05:30,179.0,179.49,179.0,179.05,9819
2023-04-12T00:00:00+05:30,179.15,180.2,179.15,179.5,725
2023-04-13T00:00:00+05:30,179.55,180.92,179.36,180.02,2560
2023-04-17T00:00:00+05:30,179.99,179.99,178.24,179.48,881
2023-04-18T00:00:00+05:30,179.3,179.35,178.75,179.1,6516
2023-04-19T00:00:00+05:30,179.14,179.21,178.2,178.63,278
2023-04-20T00:00:00+05:30,178.15,178.72,177.8,178.5,4284
2023-04-21T00:00:00+05:30,178.24,179.29,178.0,178.4,836
2023-04-24T00:00:00+05:30,178.36,179.33,178.36,179.14,155
2023-04-25T00:00:00+05:30,179.25,179.75,179.25,179.75,9891
2023-04-26T00:00:00+05:30,180.0,180.25,179.6,180.08,651
2023-04-27T00:00:00+05:30,180.0,181.0,180.0,180.98,558
2023-04-28T00:00:00+05:30,181.15,182.75,180.7,182.15,1393
2023-05-02T00:00:00+05:30,182.98,183.99,182.77,183.41,1425
2023-05-03T00:00:00+05:30,183.29,183.35,182.51,182.8,1570
2023-05-04T00:00:00+05:30,182.8,184.5,182.8,184.33,1568
2023-05-05T00:00:00+05:30,184.01,184.35,183.2,183.26,1678
2023-05-08T00:00:00+05:30,187.15,187.15,183.1,184.79,5946
2023-05-09T00:00:00+05:30,184.8,185.65,184.8,185.1,674
2023-05-10T00:00:00+05:30,184.86,186.0,184.72,184.83,454
2023-05-11T00:00:00+05:30,185.0,185.5,184.8,184.8,10846
2023-05-12T00:00:00+05:30,185.58,185.58,184.33,184.87,302
2023-05-15T00:00:00+05:30,185.15,186.75,185.15,186.51,501
2023-05-16T00:00:00+05:30,186.89,188.5,186.08,187.68,272
2023-05-17T00:00:00+05:30,185.96,186.02,184.25,184.82,4447
2023-05-18T00:00:00+05:30,185.34,185.34,184.0,184.45,496
2023-05-19T00:00:00+05:30,184.73,184.73,183.5,184.5,6753
2023-05-22T00:00:00+05:30,185.0,185.86,181.03,182.66,848
2023-05-23T00:00:00+05:30,185.89,187.0,185.74,186.89,3717
2023-05-24T00:00:00+05:30,186.59,186.59,182.53,182.83,2223
2023-05-25T00:00:00+05:30,185.62,186.52,184.81,185.64,966
2023-05-26T00:00:00+05:30,186.25,188.0,186.25,187.32,11838
2023-05-29T00:00:00+05:30,188.2,189.0,188.01,188.01,865
2023-05-30T00:00:00+05:30,188.15,189.58,188.15,189.24,184
2023-05-31T00:00:00+05:30,189.24,189.24,187.51,187.67,865
2023-06-01T00:00:00+05:30,188.52,188.83,187.8,188.82,1426
2023-06-02T00:00:00+05:30,187.81,188.82,187.72,187.72,297
2023-06-05T00:00:00+05:30,188.6,189.85,188.6,189.46,1118
2023-06-06T00:00:00+05:30,189.34,193.58,188.31,191.76,192
2023-06-07T00:00:00+05:30,190.02,190.67,189.3,190.43,467
2023-06-08T00:00:00+05:30,191.0,191.14,186.03,188.45,16779
2023-06-09T00:00:00+05:30,189.15,190.03,188.2,188.72,68
2023-06-12T00:00:00+05:30,188.72,189.65,184.03,189.63,1813
2023-06-13T00:00:00+05:30,189.0,190.48,189.0,190.0,2662
2023-06-14T00:00:00+05:30,192.7,226.0,190.03,204.09,624
2023-06-15T00:00:00+05:30,190.6,191.37,189.31,189.84,3154
2023-06-16T00:00:00+05:30,190.9,193.99,188.0,188.0,924
2023-06-19T00:00:00+05:30,191.15,191.91,190.48,191.43,715
2023-06-20T00:00:00+05:30,190.63,191.69,189.32,191.69,1117
2023-06-21T00:00:00+05:30,190.86,192.14,190.77,191.5,720
2023-06-22T00:00:00+05:30,191.15,192.32,191.15,191.54,213
2023-06-23T00:00:00+05:30,190.48,190.58,189.35,189.35,708
2023-06-26T00:00:00+05:30,189.27,190.32,189.27,189.46,291
2023-06-27T00:00:00+05:30,189.99,191.65,189.99,191.65,608
2023-06-28T00:00:00+05:30,191.28,193.56,191.28,193.26,975
2023-06-30T00:00:00+05:30,197.34,197.34,193.89,195.0,479
2023-07-03T00:00:00+05:30,195.6,196.93,195.59,196.38,431
2023-07-04T00:00:00+05:30,197.0,197.52,193.5,193.5,962
2023-07-05T00:00:00+05:30,196.66,197.38,196.66,197.38,317
2023-07-06T00:00:00+05:30,196.5,198.35,196.42,198.25,437
2023-07-07T00:00:00+05:30,198.02,198.74,196.27,196.71,264
2023-07-10T00:00:00+05:30,197.79,197.81,196.2,196.33,467
2023-07-11T00:00:00+05:30,196.9,198.54,196.9,197.88,3260
2023-07-12T00:00:00+05:30,198.0,198.1,194.5,194.5,1645
2023-07-13T00:00:00+05:30,197.31,199.33,197.26,197.26,3109
2023-07-14T00:00:00+05:30,197.27,215.0,197.27,215.0,472
2023-07-17T00:00:00+05:30,199.55,200.92,199.55,200.61,876
2023-07-18T00:00:00+05:30,205.25,205.25,200.33,200.5,417
2023-07-19T00:00:00+05:30,200.8,201.95,200.36,201.5,2877
2023-07-20T00:00:00+05:30,200.43,203.0,199.3,199.83,7090
2023-07-21T00:00:00+05:30,200.0,203.0,199.31,201.0,2035
2023-07-24T00:00:00+05:30,207.2,207.2,196.53,197.66,1628
2023-07-25T00:00:00+05:30,204.69,204.69,196.8,199.0,22823
2023-07-26T00:00:00+05:30,204.75,204.75,198.55,198.55,453
2023-07-27T00:00:00+05:30,204.75,204.75,199.43,201.01,513
2023-07-28T00:00:00+05:30,199.2,200.45,198.76,199.23,365
2023-07-31T00:00:00+05:30,199.34,200.71,199.2,200.48,2203
2023-08-01T00:00:00+05:30,199.0,202.0,199.0,200.5,2169
2023-08-02T00:00:00+05:30,201.01,202.09,197.76,199.5,3159
2023-08-03T00:00:00+05:30,194.53,200.99,194.53,197.98,3552
2023-08-04T00:00:00+05:30,197.43,234.0,196.86,196.86,3726
2023-08-07T00:00:00+05:30,198.38,199.81,198.38,199.47,307
2023-08-08T00:00:00+05:30,199.15,200.08,199.0,199.95,374
2023-08-09T00:00:00+05:30,199.72,200.52,198.8,200.52,357
2023-08-10T00:00:00+05:30,200.0,200.36,198.7,199.69,237
2023-08-11T00:00:00+05:30,207.74,207.74,197.86,197.86,530
2023-08-14T00:00:00+05:30,202.1,202.1,196.44,199.0,2954
2023-08-16T00:00:00+05:30,202.85,202.85,195.5,198.22,491
2023-08-17T00:00:00+05:30,198.0,198.79,196.94,197.94,1449
2023-08-18T00:00:00+05:30,197.0,231.0,196.31,231.0,968
2023-08-21T00:00:00+05:30,207.32,207.32,196.3,199.49,11475
2023-08-22T00:00:00+05:30,203.21,203.21,197.5,198.1,1461
2023-08-23T00:00:00+05:30,199.49,199.49,197.64,198.5,1095
2023-08-24T00:00:00+05:30,198.43,199.24,197.0,197.0,1284
2023-08-25T00:00:00+05:30,200.74,200.74,196.0,197.4,1739
2023-08-28T00:00:00+05:30,197.29,197.29,196.86,197.0,255
2023-08-29T00:00:00+05:30,196.8,197.59,196.71,197.59,1019
2023-08-30T00:00:00+05:30,197.58,201.04,196.15,197.85,294
2023-08-31T00:00:00+05:30,198.5,198.5,196.31,197.58,806
2023-09-01T00:00:00+05:30,197.3,198.39,196.8,197.75,626
2023-09-04T00:00:00+05:30,203.07,203.07,198.3,198.61,1142
2023-09-05T00:00:00+05:30,198.6,199.89,198.6,199.89,1754
2023-09-06T00:00:00+05:30,199.31,200.09,199.01,200.08,2000
2023-09-07T00:00:00+05:30,200.07,201.48,199.31,200.61,965
2023-09-08T00:00:00+05:30,200.95,202.54,198.03,201.4,1184
2023-09-11T00:00:00+05:30,202.11,204.01,202.11,204.01,1210
2023-09-12T00:00:00+05:30,204.05,204.39,195.0,200.98,1532
2023-09-13T00:00:00+05:30,203.02,204.99,203.02,204.2,19914
2023-09-14T00:00:00+05:30,204.62,205.83,204.31,205.3,649
2023-09-15T00:00:00+05:30,205.8,206.0,205.1,205.1,503
2023-09-18T00:00:00+05:30,205.06,206.24,205.03,205.9,1271
2023-09-20T00:00:00+05:30,203.38,204.4,202.42,202.42,268
2023-09-21T00:00:00+05:30,201.65,202.71,201.01,201.72,6553
2023-09-22T00:00:00+05:30,201.92,202.26,200.51,201.1,512
2023-09-25T00:00:00+05:30,201.1,201.3,200.01,200.01,312
2023-09-26T00:00:00+05:30,201.11,201.11,200.15,200.97,44
2023-09-27T00:00:00+05:30,200.0,201.73,199.36,201.65,654
2023-09-28T00:00:00+05:30,201.48,201.48,199.4,200.13,135
2023-09-29T00:00:00+05:30,205.13,205.13,200.04,200.89,765
2023-10-03T00:00:00+05:30,204.2,204.2,198.8,199.35,385
2023-10-04T00:00:00+05:30,198.21,198.59,197.37,198.59,344
2023-10-05T00:00:00+05:30,199.43,200.0,198.75,199.76,376
2023-10-06T00:00:00+05:30,199.45,200.88,199.45,200.73,430
2023-10-09T00:00:00+05:30,199.55,200.13,198.67,199.52,573
2023-10-10T00:00:00+05:30,200.5,201.36,199.85,201.36,46
2023-10-11T00:00:00+05:30,201.5,202.58,201.5,202.01,2558
2023-10-12T00:00:00+05:30,202.33,202.59,201.81,201.95,82
2023-10-13T00:00:00+05:30,201.6,201.8,200.81,201.76,553
2023-10-16T00:00:00+05:30,201.5,202.13,201.01,201.42,820
2023-10-17T00:00:00+05:30,202.52,202.75,201.81,202.02,1636
2023-10-18T00:00:00+05:30,202.31,202.72,200.7,200.7,384
2023-10-19T00:00:00+05:30,199.99,200.95,199.58,200.95,831
2023-10-20T00:00:00+05:30,199.89,200.07,199.26,199.34,402
2023-10-23T00:00:00+05:30,199.95,199.95,196.25,196.25,5389
2023-10-25T00:00:00+05:30,202.55,202.55,195.06,195.63,1538
2023-10-26T00:00:00+05:30,195.63,195.63,192.76,192.76,2387
2023-10-27T00:00:00+05:30,193.97,195.09,193.97,195.04,19284
2023-10-30T00:00:00+05:30,194.49,195.92,193.8,195.92,340
2023-10-31T00:00:00+05:30,195.8,195.8,194.5,195.0,747
2023-11-01T00:00:00+05:30,195.16,195.21,193.5,193.5,107
2023-11-02T00:00:00+05:30,195.05,195.87,194.68,195.87,62
2023-11-03T00:00:00+05:30,196.07,197.02,196.07,196.97,136
2023-11-06T00:00:00+05:30,193.1,198.22,193.1,197.98,282
2023-11-07T00:00:00+05:30,198.0,198.51,197.59,197.73,180
2023-11-08T00:00:00+05:30,198.0,198.8,197.96,198.59,725
2023-11-09T00:00:00+05:30,198.54,198.6,197.91,197.91,85
2023-11-10T00:00:00+05:30,197.56,198.32,197.31,198.32,202
2023-11-12T00:00:00+05:30,198.66,200.24,198.0,198.0,95
2023-11-13T00:00:00+05:30,198.89,198.94,198.13,198.13,97
2023-11-15T00:00:00+05:30,199.81,201.27,199.81,201.11,976
2023-11-16T00:00:00+05:30,200.14,203.09,200.14,201.95,193
2023-11-17T00:00:00+05:30,202.18,202.58,201.58,201.99,115
2023-11-20T00:00:00+05:30,201.04,202.15,200.54,201.61,98
2023-11-21T00:00:00+05:30,201.65,202.52,201.56,202.43,300
2023-11-22T00:00:00+05:30,202.43,202.81,201.07,202.06,562
2023-11-23T00:00:00+05:30,202.73,202.73,201.88,201.88,112
2023-11-24T00:00:00+05:30,202.0,202.0,202.0,202.0,90
2023-11-28T00:00:00+05:30,202.57,203.2,202.5,203.2,5444
2023-11-29T00:00:00+05:30,206.19,206.19,203.96,204.95,1427
2023-11-30T00:00:00+05:30,204.99,205.85,204.3,205.85,668
2023-12-01T00:00:00+05:30,206.21,207.32,206.12,207.16,1172
2023-12-04T00:00:00+05:30,208.89,210.98,208.89,210.79,3227
2023-12-05T00:00:00+05:30,211.1,212.84,211.1,212.15,2422
2023-12-06T00:00:00+05:30,213.11,213.76,212.89,213.11,870
2023-12-07T00:00:00+05:30,213.7,213.78,212.63,213.26,718
2023-12-08T00:00:00+05:30,213.95,214.73,213.13,214.04,81
2023-12-11T00:00:00+05:30,214.05,215.1,214.02,214.13,648
2023-12-12T00:00:00+05:30,214.96,215.1,213.76,213.76,123
2023-12-13T00:00:00+05:30,213.77,214.13,212.33,213.53,368
2023-12-14T00:00:00+05:30,215.6,216.89,215.6,216.49,840
2023-12-15T00:00:00+05:30,217.01,219.39,217.0,219.39,3852
2023-12-18T00:00:00+05:30,218.74,219.39,217.87,217.87,818
2023-12-19T00:00:00+05:30,218.32,219.48,217.91,219.37,167
2023-12-20T00:00:00+05:30,219.29,220.52,214.9,214.9,578
2023-12-21T00:00:00+05:30,214.88,217.31,214.88,217.31,1081
2023-12-22T00:00:00+05:30,217.09,218.43,216.71,217.1,448
2023-12-26T00:00:00+05:30,218.0,219.1,218.0,218.15,423
2023-12-27T00:00:00+05:30,220.4,221.71,219.23,221.71,6082
2023-12-28T00:00:00+05:30,221.47,222.51,221.45,222.1,6516
2023-12-29T00:00:00+05:30,222.0,222.41,221.43,222.41,530
2024-01-01T00:00:00+05:30,221.8,223.5,221.35,221.71,517
2024-01-02T00:00:00+05:30,221.97,222.14,220.71,220.8,1307
2024-01-03T00:00:00+05:30,221.22,221.3,219.72,220.01,587
2024-01-04T00:00:00+05:30,220.45,221.72,220.45,221.44,1799
2024-01-05T00:00:00+05:30,221.99,221.99,220.69,221.97,226
2024-01-08T00:00:00+05:30,221.77,221.91,219.28,219.28,705
2024-01-09T00:00:00+05:30,220.8,221.9,219.77,219.77,90
2024-01-10T00:00:00+05:30,219.8,221.23,219.21,221.23,1692
2024-01-11T00:00:00+05:30,221.31,221.59,220.2,220.33,1342
2024-01-12T00:00:00+05:30,221.32,223.81,221.32,223.19,2321
2024-01-15T00:00:00+05:30,224.5,254.0,224.0,254.0,6144
2024-01-16T00:00:00+05:30,229.87,230.07,224.8,229.87,18636
2024-01-17T00:00:00+05:30,223.69,223.94,220.58,220.58,2478
2024-01-18T00:00:00+05:30,220.12,220.65,218.18,220.07,7467
2024-01-19T00:00:00+05:30,215.56,222.35,215.56,220.9,873
2024-01-20T00:00:00+05:30,219.4,222.99,219.4,221.22,127
2024-01-23T00:00:00+05:30,221.65,222.35,216.15,216.15,1630
2024-01-24T00:00:00+05:30,216.72,219.27,216.28,219.05,1054
2024-01-25T00:00:00+05:30,218.5,219.53,217.5,219.07,840
2024-01-29T00:00:00+05:30,220.87,222.64,220.32,222.64,1248
2024-01-30T00:00:00+05:30,222.3,222.58,219.9,220.18,1102
2024-01-31T00:00:00+05:30,219.73,221.62,219.72,220.6,354
2024-02-01T00:00:00+05:30,222.0,223.07,221.39,222.09,297
2024-02-02T00:00:00+05:30,224.69,225.62,223.0,224.0,1682
2024-02-05T00:00:00+05:30,220.1,224.49,220.1,222.47,1351
2024-02-06T00:00:00+05:30,222.75,224.25,222.6,223.42,1041
2024-02-07T00:00:00+05:30,224.65,224.99,223.39,224.63,1040
2024-02-08T00:00:00+05:30,224.54,224.99,221.98,222.8,1620
2024-02-09T00:00:00+05:30,222.39,223.02,221.5,222.28,490
2024-02-12T00:00:00+05:30,222.39,223.22,220.94,221.04,1899
2024-02-13T00:00:00+05:30,221.04,222.51,220.64,221.97,695
2024-02-14T00:00:00+05:30,220.89,223.98,220.65,223.3,1130
2024-02-15T00:00:00+05:30,223.3,226.0,223.14,225.16,2739
2024-02-16T00:00:00+05:30,225.17,226.25,224.51,225.65,2570
2024-02-19T00:00:00+05:30,225.71,227.49,225.35,226.66,3318
2024-02-20T00:00:00+05:30,226.5,227.42,225.27,226.58,1141
2024-02-21T00:00:00+05:30,227.19,227.82,225.21,225.94,1839
2024-02-22T00:00:00+05:30,226.0,227.99,224.01,227.48,2117
2024-02-23T00:00:00+05:30,227.76,228.51,227.01,227.31,3095
2024-02-26T00:00:00+05:30,227.31,227.88,226.08,226.3,1487
2024-02-27T00:00:00+05:30,226.31,227.61,226.3,227.17,1661
2024-02-28T00:00:00+05:30,227.17,227.86,223.74,224.32,2747
2024-02-29T00:00:00+05:30,224.82,225.99,223.69,225.57,3330
2024-03-01T00:00:00+05:30,225.82,229.08,225.77,228.54,6296
2024-03-02T00:00:00+05:30,228.55,229.73,228.04,229.26,259
2024-03-04T00:00:00+05:30,229.26,230.01,228.38,228.92,3224
2024-03-05T00:00:00+05:30,229.14,229.73,228.0,228.64,3433
2024-03-06T00:00:00+05:30,228.64,230.86,227.39,230.25,2696
2024-03-07T00:00:00+05:30,230.26,231.03,229.4,230.18,2792
2024-03-11T00:00:00+05:30,230.18,230.71,228.5,229.08,9903
2024-03-12T00:00:00+05:30,229.08,230.29,228.24,229.37,5339
2024-03-13T00:00:00+05:30,229.37,230.0,225.0,225.79,13414
2024-03-14T00:00:00+05:30,225.8,227.7,224.84,226.69,13611
2024-03-15T00:00:00+05:30,226.69,226.69,224.4,225.94,7562
2024-03-18T00:00:00+05:30,225.94,226.92,224.57,226.12,5483
2024-03-19T00:00:00+05:30,226.12,226.12,223.15,223.56,3796
2024-03-20T00:00:00+05:30,223.57,224.68,222.32,223.33,1353
2024-03-21T00:00:00+05:30,225.78,227.83,224.65,226.83,2057
2024-03-22T00:00:00+05:30,225.31,227.57,223.82,226.57,4462
2024-03-26T00:00:00+05:30,226.57,226.57,225.0,226.11,6786
2024-03-27T00:00:00+05:30,227.0,230.63,225.09,227.14,1274
2024-03-28T00:00:00+05:30,226.64,231.29,226.64,229.78,45190
2024-04-01T00:00:00+05:30,231.0,236.0,230.0,230.3,10212
2024-04-02T00:00:00+05:30,230.31,230.84,229.3,229.9,8859
2024-04-03T00:00:00+05:30,229.5,230.78,228.51,229.91,2342
2024-04-04T00:00:00+05:30,230.88,230.99,228.68,230.54,1731
2024-04-05T00:00:00+05:30,230.2,231.49,229.62,230.67,219223
2024-04-08T00:00:00+05:30,230.67,232.64,230.67,232.35,3791
2024-04-09T00:00:00+05:30,232.43,233.0,231.42,232.31,2594
2024-04-10T00:00:00+05:30,232.32,233.0,232.01,232.86,7381
2024-04-12T00:00:00+05:30,232.86,239.7,230.78,231.03,13845
2024-04-15T00:00:00+05:30,235.65,235.99,228.04,228.26,15414
2024-04-16T00:00:00+05:30,227.37,246.34,226.31,227.72,19409
2024-04-18T00:00:00+05:30,227.72,228.61,224.79,225.4,15563
2024-04-19T00:00:00+05:30,221.0,227.25,220.99,226.86,33774
2024-04-22T00:00:00+05:30,227.46,228.75,227.44,228.39,9826
2024-04-23T00:00:00+05:30,228.39,229.86,228.39,229.28,4684
2024-04-24T00:00:00+05:30,229.78,230.35,228.72,229.59,3401
2024-04-25T00:00:00+05:30,236.7,236.7,228.59,230.92,6263
2024-04-26T00:00:00+05:30,231.11,231.58,229.42,229.99,4993
2024-04-29T00:00:00+05:30,240.35,240.35,229.99,231.62,6621
2024-04-30T00:00:00+05:30,232.28,233.28,231.01,231.73,2237
2024-05-02T00:00:00+05:30,231.73,232.7,231.18,232.33,2621
2024-05-03T00:00:00+05:30,232.69,233.62,229.26,230.46,8468
2024-05-06T00:00:00+05:30,235.0,235.0,229.3,230.18,4352
2024-05-07T00:00:00+05:30,230.24,230.53,227.55,228.17,4936
2024-05-08T00:00:00+05:30,232.73,232.73,226.77,228.53,2920
2024-05-09T00:00:00+05:30,235.4,236.49,224.56,225.55,10349
2024-05-10T00:00:00+05:30,232.7,232.7,225.55,227.14,27328
2024-05-13T00:00:00+05:30,227.14,232.0,223.8,226.79,12308
2024-05-14T00:00:00+05:30,226.94,228.75,226.28,227.94,666362
2024-05-15T00:00:00+05:30,228.18,229.19,227.13,227.86,5705
2024-05-16T00:00:00+05:30,227.86,230.23,226.5,229.31,5473
2024-05-17T00:00:00+05:30,217.84,230.8,217.84,230.08,3000
2024-05-18T00:00:00+05:30,230.12,231.54,230.12,230.94,185
2024-05-21T00:00:00+05:30,231.18,232.12,230.04,231.41,7888
2024-05-22T00:00:00+05:30,231.41,232.2,230.28,232.02,4656
2024-05-23T00:00:00+05:30,232.02,235.7,231.25,235.06,9815
2024-05-24T00:00:00+05:30,234.89,236.61,234.52,235.17,16189
2024-05-27T00:00:00+05:30,236.44,237.51,234.75,235.65,21114
2024-05-28T00:00:00+05:30,235.66,238.87,234.01,234.7,5764
2024-05-29T00:00:00+05:30,234.0,239.0,232.54,233.96,19525
2024-05-30T00:00:00+05:30,233.7,233.96,230.51,231.46,36256
2024-05-31T00:00:00+05:30,232.07,238.0,231.46,232.38,36859
2024-06-03T00:00:00+05:30,238.91,259.8,237.03,242.4,2082449
2024-06-04T00:00:00+05:30,245.0,260.0,225.05,236.49,211906
2024-06-05T00:00:00+05:30,238.01,238.01,224.11,232.63,642347
2024-06-06T00:00:00+05:30,233.66,236.2,233.0,234.04,27067
2024-06-07T00:00:00+05:30,234.99,239.04,234.56,238.61,25069
2024-06-10T00:00:00+05:30,239.0,245.69,234.0,238.49,16968
2024-06-11T00:00:00+05:30,240.01,240.34,237.77,238.89,8206
2024-06-12T00:00:00+05:30,243.7,243.7,239.01,239.65,19115
2024-06-13T00:00:00+05:30,243.0,243.0,239.53,240.03,10715
2024-06-14T00:00:00+05:30,240.03,240.99,239.51,240.66,11515
2024-06-18T00:00:00+05:30,245.5,247.7,240.66,242.0,9144
2024-06-19T00:00:00+05:30,242.0,243.0,240.65,242.12,7983
2024-06-20T00:00:00+05:30,241.91,243.0,241.34,242.32,3416
2024-06-21T00:00:00+05:30,242.67,243.58,240.46,241.53,20637
2024-06-24T00:00:00+05:30,248.7,248.7,239.9,241.96,15398
2024-06-25T00:00:00+05:30,241.97,243.99,241.95,243.59,6766
2024-06-26T00:00:00+05:30,243.6,245.84,242.9,245.52,9400
2024-06-27T00:00:00+05:30,245.18,247.51,244.41,246.88,10728
2024-06-28T00:00:00+05:30,247.18,248.61,246.82,247.34,8781
2024-07-01T00:00:00+05:30,247.35,248.75,246.93,247.88,11577
2024-07-02T00:00:00+05:30,247.88,249.21,247.43,248.27,6496
2024-07-03T00:00:00+05:30,248.66,250.32,248.66,249.45,7228
2024-07-04T00:00:00+05:30,250.84,251.33,249.18,250.31,7436
2024-07-05T00:00:00+05:30,250.31,250.79,248.1,249.84,12003
2024-07-08T00:00:00+05:30,249.85,252.56,249.13,250.41,6795
2024-07-09T00:00:00+05:30,250.88,251.5,249.76,251.32,7586
2024-07-10T00:00:00+05:30,251.87,251.87,248.5,250.39,6011
2024-07-11T00:00:00+05:30,250.41,251.07,249.05,250.23,5162
2024-07-12T00:00:00+05:30,255.23,255.23,250.24,253.0,12186
2024-07-15T00:00:00+05:30,252.36,253.71,251.8,253.36,10539
2024-07-16T00:00:00+05:30,253.53,254.21,253.06,253.52,4858
2024-07-18T00:00:00+05:30,253.52,255.76,252.0,254.72,226206
2024-07-19T00:00:00+05:30,255.11,255.26,252.33,252.76,10301
2024-07-22T00:00:00+05:30,253.0,253.21,251.33,252.51,4681
2024-07-23T00:00:00+05:30,252.85,253.55,247.42,252.05,73336
2024-07-24T00:00:00+05:30,252.15,252.45,250.24,251.38,6749
2024-07-25T00:00:00+05:30,250.43,251.68,249.53,251.12,6711
2024-07-26T00:00:00+05:30,263.68,263.68,251.47,255.99,18328
2024-07-29T00:00:00+05:30,257.42,257.42,255.0,255.4,15449
2024-07-30T00:00:00+05:30,257.0,257.0,255.11,255.66,5375
2024-07-31T00:00:00+05:30,255.67,257.31,255.55,256.21,4298
2024-08-01T00:00:00+05:30,256.21,260.82,256.21,256.98,3988
2024-08-02T00:00:00+05:30,255.31,262.0,253.87,257.42,11060
2024-08-05T00:00:00+05:30,257.42,257.42,246.13,248.9,101819
2024-08-06T00:00:00+05:30,251.41,252.38,247.05,247.92,20584
2024-08-07T00:00:00+05:30,250.02,251.61,249.29,250.59,8901
2024-08-08T00:00:00+05:30,249.94,250.79,248.1,248.44,6521
2024-08-09T00:00:00+05:30,254.15,255.7,250.18,251.38,45138
2024-08-12T00:00:00+05:30,251.38,252.8,249.46,250.61,47245
2024-08-13T00:00:00+05:30,250.0,251.57,248.07,248.75,5536
2024-08-14T00:00:00+05:30,249.11,249.73,248.21,249.36,3523
2024-08-16T00:00:00+05:30,256.12,265.0,249.92,252.65,9774
2024-08-19T00:00:00+05:30,252.65,254.35,252.65,253.95,47557
2024-08-20T00:00:00+05:30,253.95,255.23,253.87,254.85,5919
2024-08-21T00:00:00+05:30,254.86,255.93,254.14,255.47,15703
2024-08-22T00:00:00+05:30,255.48,256.21,255.08,255.66,3463
2024-08-23T00:00:00+05:30,254.5,256.43,250.55,255.73,6133
2024-08-26T00:00:00+05:30,255.73,258.64,255.73,257.72,44534
2024-08-27T00:00:00+05:30,257.72,258.79,257.05,258.24,4632
2024-08-28T00:00:00+05:30,258.13,259.44,257.08,258.45,4300
2024-08-29T00:00:00+05:30,258.45,259.35,257.77,259.12,7654
2024-08-30T00:00:00+05:30,259.39,260.85,259.27,260.65,6309
2024-09-02T00:00:00+05:30,261.46,261.47,260.65,261.33,7261
2024-09-03T00:00:00+05:30,261.33,261.61,260.26,261.15,13102
2024-09-04T00:00:00+05:30,259.75,260.15,258.76,259.78,7241
2024-09-05T00:00:00+05:30,262.99,262.99,259.76,260.18,13178
2024-09-06T00:00:00+05:30,260.1,264.0,256.5,258.03,33494
2024-09-09T00:00:00+05:30,256.48,260.0,256.0,257.61,8931
2024-09-10T00:00:00+05:30,258.16,258.99,257.0,258.44,5257
2024-09-11T00:00:00+05:30,258.44,260.0,257.0,257.58,6736
2024-09-12T00:00:00+05:30,259.99,262.9,257.01,261.99,8735
2024-09-13T00:00:00+05:30,262.0,262.37,260.57,261.3,7835
2024-09-16T00:00:00+05:30,261.3,264.99,261.3,262.34,12639
2024-09-17T00:00:00+05:30,262.61,262.86,261.45,262.6,8028
2024-09-18T00:00:00+05:30,267.7,267.7,261.3,262.19,5148
2024-09-19T00:00:00+05:30,263.16,264.35,261.83,262.51,14019
2024-09-20T00:00:00+05:30,275.29,275.29,262.68,265.25,9056
2024-09-23T00:00:00+05:30,270.0,270.0,266.13,267.12,9450
2024-09-24T00:00:00+05:30,270.05,270.05,266.96,267.82,4237
2024-09-25T00:00:00+05:30,267.7,268.19,267.02,267.99,7244
2024-09-26T00:00:00+05:30,273.35,273.35,268.23,270.06,8922
2024-09-27T00:00:00+05:30,271.5,271.5,269.82,270.24,6367
2024-09-30T00:00:00+05:30,275.64,275.64,266.04,267.2,27725
2024-10-01T00:00:00+05:30,267.21,267.67,266.0,266.51,9256
2024-10-03T00:00:00+05:30,266.52,266.52,260.61,262.03,39032
2024-10-04T00:00:00+05:30,267.27,267.27,258.0,258.7,23422
2024-10-07T00:00:00+05:30,258.7,264.7,255.0,256.81,34642
2024-10-08T00:00:00+05:30,251.67,258.74,251.67,258.06,23543
2024-10-09T00:00:00+05:30,269.67,269.67,257.02,258.09,10537
2024-10-10T00:00:00+05:30,258.21,259.75,257.57,258.16,10081
2024-10-11T00:00:00+05:30,264.7,264.7,257.5,258.01,14393
2024-10-14T00:00:00+05:30,258.01,259.9,257.71,259.3,6489
2024-10-15T00:00:00+05:30,260.76,260.76,258.01,258.94,7234
2024-10-16T00:00:00+05:30,258.8,259.59,257.0,258.03,13439
2024-10-17T00:00:00+05:30,258.03,258.18,255.01,255.87,9288
2024-10-18T00:00:00+05:30,256.01,257.34,252.89,256.62,9167
2024-10-21T00:00:00+05:30,256.69,257.94,254.85,255.71,10407
2024-10-22T00:00:00+05:30,255.71,262.7,252.41,252.93,14661
2024-10-23T00:00:00+05:30,252.95,254.23,252.27,252.72,11840
2024-10-24T00:00:00+05:30,252.51,253.04,251.42,252.57,8381
2024-10-25T00:00:00+05:30,252.5,255.0,248.07,250.27,24346
2024-10-28T00:00:00+05:30,250.27,252.56,248.96,251.64,9043
2024-10-29T00:00:00+05:30,251.65,253.14,249.5,252.4,4273
2024-10-30T00:00:00+05:30,252.65,253.06,251.11,251.8,5866
2024-10-31T00:00:00+05:30,256.85,256.85,250.0,250.49,9210
2024-11-01T00:00:00+05:30,256.7,259.24,250.5,251.76,6025
2024-11-04T00:00:00+05:30,256.7,256.7,246.5,248.21,36299
2024-11-05T00:00:00+05:30,253.2,253.2,246.5,249.73,12396
2024-11-06T00:00:00+05:30,250.01,253.82,250.01,253.42,21607
2024-11-07T00:00:00+05:30,252.83,252.83,250.0,250.72,73028
2024-11-08T00:00:00+05:30,254.8,257.0,248.54,249.84,7456
2024-11-11T00:00:00+05:30,249.85,251.8,247.86,249.38,10687
2024-11-12T00:00:00+05:30,249.39,254.7,246.8,247.08,8291
2024-11-13T00:00:00+05:30,246.73,246.9,242.7,243.18,2836523
2024-11-14T00:00:00+05:30,243.18,249.27,242.26,242.83,13316
2024-11-18T00:00:00+05:30,242.84,243.09,240.75,242.01,27046
2024-11-19T00:00:00+05:30,243.0,245.28,241.8,242.51,39660
2024-11-21T00:00:00+05:30,242.52,244.34,239.86,240.72,25084
2024-11-22T00:00:00+05:30,242.57,247.67,241.33,246.97,22651
2024-11-25T00:00:00+05:30,247.7,251.25,247.7,251.02,614738
2024-11-26T00:00:00+05:30,251.01,251.4,248.83,250.47,14387
2024-11-27T00:00:00+05:30,250.36,251.95,249.63,251.12,6981
2024-11-28T00:00:00+05:30,246.1,251.91,246.1,247.81,13221
2024-11-29T00:00:00+05:30,250.0,250.0,247.81,249.5,11725
2024-12-02T00:00:00+05:30,249.5,251.4,248.07,250.89,4138
2024-12-03T00:00:00+05:30,251.49,253.31,250.89,252.48,258431
2024-12-04T00:00:00+05:30,255.0,257.48,252.0,252.89,23986
2024-12-05T00:00:00+05:30,253.6,256.78,251.45,254.7,13249
2024-12-06T00:00:00+05:30,254.71,256.03,254.23,254.78,4845
2024-12-09T00:00:00+05:30,256.9,256.9,253.82,254.05,8751
2024-12-10T00:00:00+05:30,254.05,256.3,249.05,253.64,9782
2024-12-11T00:00:00+05:30,254.3,255.47,253.67,254.53,15480
2024-12-12T00:00:00+05:30,254.53,255.3,252.83,253.5,5358
2024-12-13T00:00:00+05:30,253.5,256.0,249.51,255.29,16983
2024-12-16T00:00:00+05:30,255.29,255.98,251.98,255.16,10384
2024-12-17T00:00:00+05:30,255.15,255.16,251.21,251.5,29609
2024-12-18T00:00:00+05:30,251.5,252.49,249.51,250.31,6559
2024-12-19T00:00:00+05:30,247.51,248.31,246.11,247.42,624158
2024-12-20T00:00:00+05:30,252.42,252.42,242.93,243.59,92022
2024-12-23T00:00:00+05:30,245.19,246.38,244.0,244.98,12842
2024-12-24T00:00:00+05:30,244.98,246.15,244.51,245.12,5190
2024-12-26T00:00:00+05:30,245.13,247.17,243.85,244.84,20318
2024-12-27T00:00:00+05:30,245.92,247.28,245.5,245.74,10450
2024-12-30T00:00:00+05:30,245.74,248.2,243.1,244.07,12161
2024-12-31T00:00:00+05:30,240.61,245.99,240.61,244.29,16895
2025-01-01T00:00:00+05:30,241.01,246.28,241.01,244.87,12433
2025-01-02T00:00:00+05:30,244.93,250.0,244.74,249.08,15365
2025-01-03T00:00:00+05:30,249.22,249.7,247.74,248.21,54638
2025-01-06T00:00:00+05:30,250.94,250.94,243.68,244.5,50025
2025-01-07T00:00:00+05:30,244.5,246.17,244.01,244.91,33832
2025-01-08T00:00:00+05:30,244.91,245.47,242.68,244.73,10108
2025-01-09T00:00:00+05:30,244.74,244.74,243.01,243.39,6380
2025-01-10T00:00:00+05:30,245.69,245.69,241.2,242.05,11199
2025-01-13T00:00:00+05:30,243.9,243.9,238.5,238.87,27096
2025-01-14T00:00:00+05:30,243.01,243.01,238.95,239.62,10796
2025-01-15T00:00:00+05:30,239.8,255.01,239.21,245.69,17391
2025-01-16T00:00:00+05:30,245.69,245.69,240.36,240.67,35799
2025-01-17T00:00:00+05:30,240.54,242.0,238.59,240.31,12733
2025-01-20T00:00:00+05:30,245.12,245.12,239.17,241.18,15088
2025-01-21T00:00:00+05:30,241.19,242.23,238.13,238.48,22642
2025-01-22T00:00:00+05:30,239.08,240.13,238.0,239.58,10903
2025-01-23T00:00:00+05:30,239.59,240.87,238.83,240.24,27821
2025-01-24T00:00:00+05:30,240.25,242.7,238.2,239.38,7417
2025-01-27T00:00:00+05:30,242.9,242.9,236.0,236.63,32123
2025-01-28T00:00:00+05:30,241.7,242.0,236.01,237.89,14576
2025-01-29T00:00:00+05:30,238.47,240.67,237.47,239.96,24868
2025-01-30T00:00:00+05:30,240.48,241.45,239.05,240.7,29462
2025-01-31T00:00:00+05:30,240.71,243.78,240.71,243.53,18177
2025-02-01T00:00:00+05:30,244.51,244.95,241.45,242.77,27616
2025-02-03T00:00:00+05:30,242.77,242.77,240.1,241.87,7484
2025-02-04T00:00:00+05:30,245.9,245.93,242.24,244.93,86202
2025-02-05T00:00:00+05:30,245.33,246.51,245.07,245.42,5893
2025-02-06T00:00:00+05:30,250.35,250.36,243.74,244.04,5322
2025-02-07T00:00:00+05:30,244.04,245.62,242.42,244.24,7064
2025-02-10T00:00:00+05:30,246.84,246.84,241.08,242.21,6975
2025-02-11T00:00:00+05:30,242.41,242.41,237.93,239.4,18111
2025-02-12T00:00:00+05:30,239.41,239.83,236.45,238.97,18925
2025-02-13T00:00:00+05:30,242.09,242.09,238.09,238.79,7466
2025-02-14T00:00:00+05:30,238.6,239.74,236.13,237.58,16445
2025-02-17T00:00:00+05:30,237.0,238.27,235.8,238.02,11340
2025-02-18T00:00:00+05:30,237.97,239.75,236.19,237.85,6030
2025-02-19T00:00:00+05:30,236.86,239.03,236.86,237.9,5424
2025-02-20T00:00:00+05:30,236.99,237.71,236.5,237.63,5917
2025-02-21T00:00:00+05:30,237.26,237.6,235.52,236.29,8335
2025-02-24T00:00:00+05:30,236.3,238.3,233.16,233.93,22748
2025-02-25T00:00:00+05:30,233.99,234.49,233.07,233.87,9696
2025-02-27T00:00:00+05:30,236.55,236.91,233.0,233.45,9734
2025-02-28T00:00:00+05:30,233.46,278.3,229.0,230.06,1128876
2025-03-03T00:00:00+05:30,237.7,237.7,227.11,229.38,267059
2025-03-04T00:00:00+05:30,226.95,229.18,226.95,228.85,15466
2025-03-05T00:00:00+05:30,228.85,232.14,228.85,231.36,90492
2025-03-06T00:00:00+05:30,231.65,233.86,230.46,233.42,12614
2025-03-07T00:00:00+05:30,233.37,234.72,232.66,233.76,13614
2025-03-10T00:00:00+05:30,233.75,235.04,232.0,232.95,24186
2025-03-11T00:00:00+05:30,232.95,233.43,230.59,233.15,11461
2025-03-12T00:00:00+05:30,233.15,233.69,231.51,232.62,17200
2025-03-13T00:00:00+05:30,232.62,235.1,231.39,231.87,7435
2025-03-17T00:00:00+05:30,232.38,234.21,232.38,233.44,7364
2025-03-18T00:00:00+05:30,234.35,236.8,234.32,236.53,31420
2025-03-19T00:00:00+05:30,236.94,237.78,235.84,237.48,33320
2025-03-20T00:00:00+05:30,238.4,240.41,237.49,239.81,30431
2025-03-21T00:00:00+05:30,242.95,242.95,239.81,241.59,12672
2025-03-24T00:00:00+05:30,245.21,249.15,242.48,244.63,16771
2025-03-25T00:00:00+05:30,245.21,247.15,243.87,244.56,40654
2025-03-26T00:00:00+05:30,245.6,245.97,242.78,243.55,7521
2025-03-27T00:00:00+05:30,243.25,244.6,242.78,243.89,12424
2025-03-28T00:00:00+05:30,243.89,245.0,242.01,243.82,15884
2025-04-01T00:00:00+05:30,243.82,243.82,239.58,240.04,20381
2025-04-02T00:00:00+05:30,240.05,241.77,239.56,241.2,11983
2025-04-03T00:00:00+05:30,240.35,241.65,239.57,240.33,14876
2025-04-04T00:00:00+05:30,240.33,240.33,236.44,236.98,19879
2025-04-07T00:00:00+05:30,232.0,236.46,225.66,230.32,106193
2025-04-08T00:00:00+05:30,234.94,234.94,230.36,233.69,27203
2025-04-09T00:00:00+05:30,231.92,232.84,231.44,232.22,9450
2025-04-11T00:00:00+05:30,238.04,238.04,235.01,236.64,22021
2025-04-15T00:00:00+05:30,243.75,243.75,240.0,241.27,18021
2025-04-16T00:00:00+05:30,241.27,242.88,240.17,242.19,5213
2025-04-17T00:00:00+05:30,242.09,247.33,240.91,246.59,15520
2025-04-21T00:00:00+05:30,250.48,250.48,246.96,249.41,20764
2025-04-22T00:00:00+05:30,249.41,250.64,249.05,249.78,13709
2025-04-23T00:00:00+05:30,251.01,252.1,249.41,251.72,10573
2025-04-24T00:00:00+05:30,259.27,259.27,248.75,250.94,7084
2025-04-25T00:00:00+05:30,252.19,252.19,246.94,248.77,29358
2025-04-28T00:00:00+05:30,250.02,252.0,248.93,251.7,18310
2025-04-29T00:00:00+05:30,252.95,253.07,251.0,251.44,54493
2025-04-30T00:00:00+05:30,251.21,252.26,250.85,251.75,11367
2025-05-02T00:00:00+05:30,253.0,254.71,250.97,251.61,25039
2025-05-05T00:00:00+05:30,252.86,255.19,251.62,252.76,44597
2025-05-06T00:00:00+05:30,254.02,254.02,251.5,252.03,22077
2025-05-07T00:00:00+05:30,247.76,253.29,245.73,252.41,17668
2025-05-08T00:00:00+05:30,252.41,252.86,250.0,250.88,13951
2025-05-09T00:00:00+05:30,248.49,249.75,247.51,248.91,48728
2025-05-12T00:00:00+05:30,254.13,258.69,253.64,257.82,52126
2025-05-13T00:00:00+05:30,259.1,259.1,254.02,255.03,21657
2025-05-14T00:00:00+05:30,256.3,256.84,254.01,254.98,20933
2025-05-15T00:00:00+05:30,256.25,260.15,253.56,258.99,36154
2025-05-16T00:00:00+05:30,259.0,259.93,258.18,259.11,17350
2025-05-19T00:00:00+05:30,260.4,260.4,257.74,258.07,15966
2025-05-20T00:00:00+05:30,259.36,259.36,255.65,255.82,14063
2025-05-21T00:00:00+05:30,257.09,258.71,253.41,256.85,8370
2025-05-22T00:00:00+05:30,258.13,258.13,253.7,255.37,8859
2025-05-23T00:00:00+05:30,255.37,257.99,255.37,257.18,7322
2025-05-26T00:00:00+05:30,257.18,259.83,257.17,258.68,8967
2025-05-27T00:00:00+05:30,259.97,259.97,256.2,256.88,10290
2025-05-28T00:00:00+05:30,255.6,258.93,255.6,256.53,7542
2025-05-29T00:00:00+05:30,257.81,258.16,256.17,257.01,4426
2025-05-30T00:00:00+05:30,257.02,258.3,256.17,256.59,4020
2025-06-02T00:00:00+05:30,256.59,258.47,254.0,256.36,7925
2025-06-03T00:00:00+05:30,257.64,258.06,254.68,255.05,11663
2025-06-04T00:00:00+05:30,256.32,256.32,254.79,255.83,8297
2025-06-05T00:00:00+05:30,248.16,258.76,248.16,257.25,12365
2025-06-06T00:00:00+05:30,258.54,260.05,256.1,259.29,14348
2025-06-09T00:00:00+05:30,260.58,261.08,259.0,260.16,20217
2025-06-10T00:00:00+05:30,261.46,261.51,259.89,260.68,5317
2025-06-11T00:00:00+05:30,261.98,262.03,259.46,261.1,10494
2025-06-12T00:00:00+05:30,267.62,267.62,257.31,258.07,31974
2025-06-13T00:00:00+05:30,264.52,264.52,252.5,256.96,32850
2025-06-16T00:00:00+05:30,258.24,259.0,256.95,258.63,9601
2025-06-17T00:00:00+05:30,258.63,258.89,257.33,258.09,8234
2025-06-18T00:00:00+05:30,259.38,259.38,257.0,257.69,6343
2025-06-19T00:00:00+05:30,264.13,264.13,256.48,257.01,4863
2025-06-20T00:00:00+05:30,257.0,260.56,254.74,260.08,14248
2025-06-23T00:00:00+05:30,260.05,260.05,255.67,259.19,14642
2025-06-24T00:00:00+05:30,260.49,262.89,259.5,259.78,11126
2025-06-25T00:00:00+05:30,260.67,262.11,260.67,261.8,23278
2025-06-26T00:00:00+05:30,263.1,265.0,261.95,264.65,22632
2025-06-27T00:00:00+05:30,271.26,271.26,264.65,266.28,12093
2025-06-30T00:00:00+05:30,267.61,267.61,264.71,265.11,13968
2025-07-01T00:00:00+05:30,265.23,266.27,265.05,265.56,5723
2025-07-02T00:00:00+05:30,266.89,266.89,263.82,264.74,45228
2025-07-03T00:00:00+05:30,266.07,266.07,263.8,264.04,88099
2025-07-04T00:00:00+05:30,265.37,265.37,263.01,264.42,6208
2025-07-07T00:00:00+05:30,265.75,265.75,263.97,264.44,19714
2025-07-08T00:00:00+05:30,265.26,265.6,264.14,264.91,54633
2025-07-09T00:00:00+05:30,266.24,266.24,264.47,265.04,7791
2025-07-10T00:00:00+05:30,266.37,266.37,263.5,263.76,21041
2025-07-11T00:00:00+05:30,257.16,263.77,257.16,262.03,27502
2025-07-14T00:00:00+05:30,254.17,262.51,254.17,261.28,20543
2025-07-15T00:00:00+05:30,267.81,267.81,260.86,262.61,5716
2025-07-16T00:00:00+05:30,262.83,263.24,260.98,262.59,9581
2025-07-17T00:00:00+05:30,263.91,263.91,261.52,261.72,5338
2025-07-18T00:00:00+05:30,262.07,267.5,259.22,261.63,13101
2025-07-21T00:00:00+05:30,263.98,264.16,259.01,261.24,13025
2025-07-22T00:00:00+05:30,262.54,262.54,260.62,260.73,5123
2025-07-23T00:00:00+05:30,261.96,263.09,260.9,262.67,36536
2025-07-24T00:00:00+05:30,263.27,263.27,260.5,260.71,8193
2025-07-25T00:00:00+05:30,260.7,260.7,258.5,258.92,80267
2025-07-28T00:00:00+05:30,259.67,259.67,257.0,257.04,8611
2025-07-29T00:00:00+05:30,255.98,259.23,255.98,258.9,6548
2025-07-30T00:00:00+05:30,260.19,260.19,258.06,259.02,6754
2025-07-31T00:00:00+05:30,265.49,265.49,256.22,257.87,24618
2025-08-01T00:00:00+05:30,259.04,259.05,256.0,256.31,12923
2025-08-04T00:00:00+05:30,257.6,258.19,255.66,257.83,65524
2025-08-05T00:00:00+05:30,257.83,257.83,256.4,256.72,6093
2025-08-06T00:00:00+05:30,258.01,258.01,256.01,256.23,10393
2025-08-07T00:00:00+05:30,255.92,256.75,254.04,256.16,16397
2025-08-08T00:00:00+05:30,257.44,257.45,254.01,254.24,8914
2025-08-11T00:00:00+05:30,255.51,256.35,254.01,255.84,11241
2025-08-12T00:00:00+05:30,263.52,263.52,255.15,255.42,6327
2025-08-13T00:00:00+05:30,256.69,257.62,255.76,256.83,15705
2025-08-14T00:00:00+05:30,256.83,257.71,256.68,256.89,3241
2025-08-18T00:00:00+05:30,259.08,261.1,259.07,259.89,17729
2025-08-19T00:00:00+05:30,261.19,261.27,259.28,260.64,3475
2025-08-20T00:00:00+05:30,261.94,261.94,259.82,260.86,3872
2025-08-21T00:00:00+05:30,254.33,263.08,254.33,261.74,9196
2025-08-22T00:00:00+05:30,260.94,261.04,259.15,259.47,14861
2025-08-25T00:00:00+05:30,260.01,261.23,259.76,260.5,3876
2025-08-26T00:00:00+05:30,253.98,262.5,253.98,257.98,7291
2025-08-28T00:00:00+05:30,259.26,259.27,255.45,255.79,7562
2025-08-29T00:00:00+05:30,256.9,256.99,255.07,255.22,9473
2025-09-01T00:00:00+05:30,256.44,257.32,255.22,257.04,18527
2025-09-02T00:00:00+05:30,258.32,258.61,256.21,256.81,5959
2025-09-03T00:00:00+05:30,257.83,258.33,256.21,257.79,11344
2025-09-04T00:00:00+05:30,259.92,260.43,257.82,258.36,8165
2025-09-05T00:00:00+05:30,259.66,259.66,257.0,258.58,10881
2025-09-08T00:00:00+05:30,266.34,266.34,258.46,259.02,24297
2025-09-09T00:00:00+05:30,260.08,260.11,259.03,259.93,13140
2025-09-10T00:00:00+05:30,261.22,261.43,260.01,260.65,21919
2025-09-11T00:00:00+05:30,260.65,261.44,260.18,261.32,23872
2025-09-12T00:00:00+05:30,262.62,262.62,260.97,262.03,6930
2025-09-15T00:00:00+05:30,263.34,263.34,261.31,261.45,170660
2025-09-16T00:00:00+05:30,261.46,263.5,261.46,263.38,14561
2025-09-17T00:00:00+05:30,264.49,264.53,263.53,264.17,18524
2025-09-18T00:00:00+05:30,265.0,265.32,264.15,264.94,5298
2025-09-19T00:00:00+05:30,266.26,266.26,263.56,264.42,16914
2025-09-22T00:00:00+05:30,264.99,264.99,262.71,262.92,7101
2025-09-23T00:00:00+05:30,264.23,264.23,261.8,262.7,16309
2025-09-24T00:00:00+05:30,263.49,263.49,261.3,261.54,7543
2025-09-25T00:00:00+05:30,262.28,262.28,259.7,260.18,10434
2025-09-26T00:00:00+05:30,260.61,260.61,257.35,257.43,30474
2025-09-29T00:00:00+05:30,258.72,259.08,256.93,257.36,11509
2025-09-30T00:00:00+05:30,257.39,258.07,256.19,256.65,9216
2025-10-01T00:00:00+05:30,257.93,259.53,256.66,259.11,7764
2025-10-03T00:00:00+05:30,260.05,260.13,258.32,259.84,6513
2025-10-06T00:00:00+05:30,261.13,261.99,259.53,261.51,19172
2025-10-07T00:00:00+05:30,262.81,263.02,261.63,261.99,14147
2025-10-08T00:00:00+05:30,263.02,263.02,260.62,261.43,3964
2025-10-09T00:00:00+05:30,262.67,262.9,260.99,262.73,12277
2025-10-10T00:00:00+05:30,263.03,264.5,262.22,264.05,28217
2025-10-13T00:00:00+05:30,263.92,264.04,262.23,263.25,42204
2025-10-14T00:00:00+05:30,264.56,264.56,261.71,262.37,199979
2025-10-15T00:00:00+05:30,263.68,264.96,262.47,264.26,56392
2025-10-16T00:00:00+05:30,265.8,300.0,264.64,266.76,21779
2025-10-17T00:00:00+05:30,266.39,271.9,266.15,268.66,42349
2025-10-20T00:00:00+05:30,270.62,270.63,268.88,269.75,10792
2025-10-21T00:00:00+05:30,271.09,272.02,269.5,269.71,34503
2025-10-23T00:00:00+05:30,270.89,273.22,270.0,270.23,21683
2025-10-24T00:00:00+05:30,270.23,271.04,268.33,269.72,12258
2025-10-27T00:00:00+05:30,270.32,271.75,269.41,271.45,29784
2025-10-28T00:00:00+05:30,272.13,272.13,270.01,271.01,19077
2025-10-29T00:00:00+05:30,272.36,272.83,271.16,272.71,9589
2025-10-30T00:00:00+05:30,272.75,272.75,270.21,270.53,17375
2025-10-31T00:00:00+05:30,270.88,271.53,269.0,269.11,11703
2025-11-03T00:00:00+05:30,269.1,269.73,268.06,269.11,18727
2025-11-04T00:00:00+05:30,269.27,269.42,267.61,267.65,12636
2025-11-06T00:00:00+05:30,269.21,269.21,266.64,267.5,8290
2025-11-07T00:00:00+05:30,266.87,267.31,264.27,266.71,6884
2025-11-10T00:00:00+05:30,267.22,268.5,266.71,267.65,11669
2025-11-11T00:00:00+05:30,268.79,268.99,266.18,268.99,12830
2025-11-12T00:00:00+05:30,270.06,271.0,269.06,270.64,12268
2025-11-13T00:00:00+05:30,271.1,271.81,270.0,270.64,11267
2025-11-14T00:00:00+05:30,269.99,271.28,269.27,271.28,15320
2025-11-17T00:00:00+05:30,271.28,272.01,270.81,272.0,35626
2025-11-18T00:00:00+05:30,272.63,272.63,270.44,271.0,6116
2025-11-19T00:00:00+05:30,270.69,272.5,270.66,272.38,9977
2025-11-20T00:00:00+05:30,273.57,274.0,272.21,273.85,11091
2025-11-21T00:00:00+05:30,274.12,274.18,272.0,272.28,10223
2025-11-24T00:00:00+05:30,273.66,273.66,271.02,271.33,16028
2025-11-25T00:00:00+05:30,272.69,272.69,270.47,270.8,8652
2025-11-26T00:00:00+05:30,271.67,273.79,271.46,273.75,8312
2025-11-27T00:00:00+05:30,280.52,280.52,273.13,274.45,11163
2025-11-28T00:00:00+05:30,275.29,275.29,273.87,274.24,5555
2025-12-01T00:00:00+05:30,275.5,275.5,273.33,274.05,14091
2025-12-02T00:00:00+05:30,274.14,274.14,272.0,272.76,12149
2025-12-03T00:00:00+05:30,273.63,273.63,270.86,272.02,5981
2025-12-04T00:00:00+05:30,272.98,272.98,270.72,272.28,8036
2025-12-05T00:00:00+05:30,273.36,274.0,270.64,273.98,25047
2025-12-08T00:00:00+05:30,267.02,274.48,267.02,271.51,25704
2025-12-09T00:00:00+05:30,264.79,271.32,264.79,270.51,12226
2025-12-10T00:00:00+05:30,270.0,271.51,269.5,269.76,13037
2025-12-11T00:00:00+05:30,276.44,276.44,268.35,271.22,11097
2025-12-12T00:00:00+05:30,277.52,277.52,271.04,272.36,8377
2025-12-15T00:00:00+05:30,273.83,273.83,270.42,271.0,913636
2025-12-16T00:00:00+05:30,271.97,271.97,270.4,270.41,9372
2025-12-17T00:00:00+05:30,277.38,277.38,269.68,270.11,12177
2025-12-18T00:00:00+05:30,269.23,270.9,269.02,269.55,5124
2025-12-19T00:00:00+05:30,270.52,271.63,270.52,271.1,4802
2025-12-22T00:00:00+05:30,273.73,273.73,272.45,273.1,8877
2025-12-23T00:00:00+05:30,274.04,274.04,272.9,273.5,34817
2025-12-24T00:00:00+05:30,274.22,274.22,273.0,273.0,15178
2025-12-26T00:00:00+05:30,273.08,273.39,272.08,272.11,4203
2025-12-29T00:00:00+05:30,271.37,272.86,270.62,271.4,6129
2025-12-30T00:00:00+05:30,271.24,272.17,270.49,272.15,1255675
2025-12-31T00:00:00+05:30,273.24,273.57,271.5,273.15,15879
2026-01-01T00:00:00+05:30,273.96,273.96,272.86,273.18,4066
2026-01-02T00:00:00+05:30,280.24,280.24,273.63,275.05,71602
2026-01-05T00:00:00+05:30,283.32,283.32,273.95,274.32,40370
2026-01-06T00:00:00+05:30,274.07,274.99,273.32,274.2,13127
2026-01-07T00:00:00+05:30,273.72,273.96,272.74,273.65,3863
2026-01-08T00:00:00+05:30,272.99,273.1,270.76,270.85,10442
2026-01-09T00:00:00+05:30,271.51,271.51,268.4,268.96,11212
2026-01-12T00:00:00+05:30,269.37,270.0,266.74,269.65,49824
2026-01-13T00:00:00+05:30,271.28,271.29,268.0,269.49,28790
2026-01-14T00:00:00+05:30,268.61,269.96,268.0,268.62,16043
2026-01-16T00:00:00+05:30,269.96,270.93,268.62,269.3,14415
2026-01-19T00:00:00+05:30,267.67,269.56,267.0,269.56,34979
2026-01-20T00:00:00+05:30,267.7,267.8,264.05,264.81,56848
2026-01-21T00:00:00+05:30,266.13,266.13,261.0,263.35,69922
2026-01-22T00:00:00+05:30,269.93,269.93,263.53,264.72,22689
2026-01-23T00:00:00+05:30,263.28,265.57,262.11,262.72,15139
2026-01-27T00:00:00+05:30,262.85,264.43,261.01,263.52,15589
2026-01-28T00:00:00+05:30,265.25,265.65,263.58,265.28,37568
2026-01-29T00:00:00+05:30,265.59,266.2,263.01,265.71,29846
2026-01-30T00:00:00+05:30,264.39,265.64,263.54,265.35,21115
2026-02-01T00:00:00+05:30,264.03,266.52,258.0,260.61,70956
2026-02-02T00:00:00+05:30,259.44,262.85,258.78,262.75,40269
2026-02-03T00:00:00+05:30,273.27,273.66,268.48,269.35,27176
2026-02-04T00:00:00+05:30,269.47,270.14,268.2,269.55,14054
2026-02-05T00:00:00+05:30,269.16,269.47,267.97,268.47,6330
2026-02-06T00:00:00+05:30,269.1,269.1,266.74,268.8,10247
2026-02-09T00:00:00+05:30,269.97,270.98,269.59,270.54,11445
2026-02-10T00:00:00+05:30,270.47,271.81,270.47,271.38,21086
2026-02-11T00:00:00+05:30,271.64,272.25,271.02,271.76,5345
2026-02-12T00:00:00+05:30,270.45,271.09,269.91,270.31,8341
2026-02-13T00:00:00+05:30,268.1,268.45,266.44,266.87,38507
2026-02-16T00:00:00+05:30,266.35,268.94,265.08,268.47,12377
2026-02-17T00:00:00+05:30,267.73,270.0,267.57,269.62,13387
2026-02-18T00:00:00+05:30,269.37,270.48,268.51,270.42,33796
2026-02-19T00:00:00+05:30,270.62,270.95,265.83,266.89,184340
2026-02-20T00:00:00+05:30,267.64,268.55,265.75,267.4,28095
2026-02-23T00:00:00+05:30,268.5,269.43,267.51,268.65,4578
2026-02-24T00:00:00+05:30,267.08,268.13,265.56,266.43,18895
2026-02-25T00:00:00+05:30,267.74,268.46,266.32,266.98,4921
2026-02-26T00:00:00+05:30,266.82,267.77,265.99,267.02,6706
2026-02-27T00:00:00+05:30,266.23,266.23,263.56,263.95,13208
2026-03-02T00:00:00+05:30,258.89,261.84,258.0,260.26,62162
2026-03-04T00:00:00+05:30,255.35,257.76,254.73,256.4,72110
2026-03-05T00:00:00+05:30,256.81,260.31,256.81,259.95,16194
2026-03-06T00:00:00+05:30,259.44,259.44,256.03,256.41,36778
2026-03-09T00:00:00+05:30,250.77,252.54,248.5,252.02,167531
2026-03-10T00:00:00+05:30,253.36,254.56,252.44,254.48,20210
2026-03-11T00:00:00+05:30,253.47,254.5,249.91,250.21,31116
2026-03-12T00:00:00+05:30,249.27,249.73,247.01,247.78,32165
2026-03-13T00:00:00+05:30,245.98,246.27,242.01,242.79,90228
2026-03-16T00:00:00+05:30,242.79,246.05,240.36,245.49,33327
2026-03-17T00:00:00+05:30,246.01,247.94,244.34,247.07,21616
2026-03-18T00:00:00+05:30,248.0,249.84,247.55,248.84,19267
2026-03-19T00:00:00+05:30,244.53,246.0,240.39,243.78,120891
2026-03-20T00:00:00+05:30,243.23,244.46,242.0,242.4,34837
2026-03-23T00:00:00+05:30,242.4,242.4,235.47,235.93,135889
2026-03-24T00:00:00+05:30,238.31,241.55,237.19,240.53,55195
2026-03-25T00:00:00+05:30,245.2,245.72,242.1,243.8,24378
2026-03-27T00:00:00+05:30,243.33,243.33,239.26,239.43,45482
2026-03-30T00:00:00+05:30,239.43,240.57,232.65,234.11,47809
2026-04-01T00:00:00+05:30,239.96,240.5,237.38,238.57,2180105
2026-04-02T00:00:00+05:30,238.54,238.73,232.64,238.09,128424
2026-04-06T00:00:00+05:30,238.09,241.14,236.49,240.78,39104
2026-04-07T00:00:00+05:30,238.36,242.6,238.13,242.28,16029
2026-04-08T00:00:00+05:30,249.27,251.6,248.47,251.17,25811
2026-04-09T00:00:00+05:30,250.31,251.28,248.16,249.04,10868
2026-04-10T00:00:00+05:30,250.44,252.0,250.19,251.37,15964
2026-04-13T00:00:00+05:30,248.42,250.0,246.64,248.99,35588
2026-04-15T00:00:00+05:30,255.21,255.21,252.81,253.56,10495
2026-04-16T00:00:00+05:30,259.89,259.9,252.52,253.05,15758
2026-04-17T00:00:00+05:30,254.32,255.4,252.86,254.79,7927
2026-04-20T00:00:00+05:30,248.42,256.5,248.42,254.37,11339
2026-04-21T00:00:00+05:30,255.23,257.18,255.15,256.78,9557
2026-04-22T00:00:00+05:30,256.02,256.49,254.61,255.06,12073
2026-04-23T00:00:00+05:30,261.43,261.43,253.07,253.23,13024
2026-04-24T00:00:00+05:30,252.71,252.77,249.8,250.54,14765
2026-04-27T00:00:00+05:30,251.09,252.7,250.84,252.58,6411
2026-04-28T00:00:00+05:30,252.23,253.01,250.74,251.29,6302
2026-04-29T00:00:00+05:30,251.44,254.75,251.44,252.46,15360
2026-04-30T00:00:00+05:30,251.05,252.24,249.5,251.69,15620
2026-05-04T00:00:00+05:30,253.45,254.26,251.36,252.39,7994
2026-05-05T00:00:00+05:30,250.86,252.45,250.37,251.51,5456
2026-05-06T00:00:00+05:30,253.03,255.65,251.18,254.67,20327
2026-05-07T00:00:00+05:30,254.71,255.6,254.0,254.45,5693
2026-05-08T00:00:00+05:30,253.62,254.07,252.8,253.34,6816
2026-05-11T00:00:00+05:30,247.82,251.47,247.0,249.97,14899
2026-05-12T00:00:00+05:30,249.42,249.42,244.75,245.08,31634
2026-05-13T00:00:00+05:30,245.56,246.78,243.65,245.43,34502
2026-05-14T00:00:00+05:30,246.5,249.0,245.26,248.36,28844
2026-05-15T00:00:00+05:30,248.35,249.49,247.21,247.43,51339
2026-05-18T00:00:00+05:30,244.9,248.22,244.55,247.62,9586
2026-05-19T00:00:00+05:30,248.35,249.0,246.92,247.22,13818
2026-05-20T00:00:00+05:30,245.69,248.36,245.69,247.82,5521
2026-05-21T00:00:00+05:30,249.14,249.43,247.0,247.98,10911
2026-05-22T00:00:00+05:30,248.34,249.8,248.29,248.67,7930
2026-05-25T00:00:00+05:30,249.91,252.0,249.91,251.39,17199
2026-05-26T00:00:00+05:30,251.26,252.38,250.0,250.34,8896
2026-05-27T00:00:00+05:30,250.34,251.54,249.91,250.67,4293
2026-05-29T00:00:00+05:30,252.06,252.06,246.75,247.0,119719
2026-06-01T00:00:00+05:30,248.23,248.23,245.0,245.38,78213
2026-06-02T00:00:00+05:30,244.26,247.02,243.65,246.19,18281
2026-06-03T00:00:00+05:30,244.39,246.18,242.93,245.76,21474
2026-06-04T00:00:00+05:30,244.39,246.06,244.39,245.59,5974
2026-06-05T00:00:00+05:30,246.11,246.78,244.38,245.19,8370
2026-06-08T00:00:00+05:30,243.43,244.14,242.23,243.11,1074532
2026-06-09T00:00:00+05:30,243.65,244.44,242.77,244.18,6312
2026-06-10T00:00:00+05:30,246.62,246.62,242.84,243.38,11592
2026-06-11T00:00:00+05:30,243.38,244.45,241.88,242.8,33318
2026-06-12T00:00:00+05:30,245.46,248.04,244.5,247.75,4749
2026-06-15T00:00:00+05:30,250.23,252.72,250.0,250.11,48695
2026-06-16T00:00:00+05:30,252.61,252.61,250.3,251.31,21933
2026-06-17T00:00:00+05:30,251.85,252.87,251.12,252.46,14883
2026-06-18T00:00:00+05:30,252.47,253.68,251.87,253.3,37746
2026-06-19T00:00:00+05:30,251.99,252.5,251.26,251.57,18634
2026-06-22T00:00:00+05:30,252.28,253.85,252.28,253.5,13668
2026-06-23T00:00:00+05:30,253.23,253.5,249.93,250.65,7827
2026-06-24T00:00:00+05:30,251.5,252.82,250.14,252.08,9532
2026-06-25T00:00:00+05:30,253.23,254.94,252.4,252.53,32742
2026-06-29T00:00:00+05:30,252.53,253.89,251.17,251.8,983900
2026-06-30T00:00:00+05:30,253.05,253.05,250.61,251.57,116338
2026-07-01T00:00:00+05:30,251.41,252.82,251.07,252.35,12260
2026-07-02T00:00:00+05:30,254.87,254.87,252.69,253.77,17149
2026-07-03T00:00:00+05:30,255.38,255.99,254.71,255.0,44671
2026-07-06T00:00:00+05:30,255.0,257.8,254.99,256.64,18233
2026-07-07T00:00:00+05:30,257.11,257.57,255.77,256.1,23823
2026-07-08T00:00:00+05:30,255.45,255.75,250.32,251.37,95294
2026-07-09T00:00:00+05:30,253.16,253.35,251.73,252.15,11954
2026-07-10T00:00:00+05:30,253.33,254.96,253.33,254.44,20157
2026-07-13T00:00:00+05:30,253.95,255.29,252.38,254.46,6765
2026-07-14T00:00:00+05:30,251.92,254.09,251.92,252.9,5068
2026-07-15T00:00:00+05:30,252.9,254.77,252.88,253.04,5836
2026-07-16T00:00:00+05:30,252.69,254.75,252.69,253.41,5006
2026-07-17T00:00:00+05:30,250.88,256.0,250.88,255.71,67621
2026-07-20T00:00:00+05:30,253.15,255.53,253.15,254.98,7886
2026-07-21T00:00:00+05:30,253.7,255.47,253.7,254.22,5174
2026-07-22T00:00:00+05:30,253.7,253.88,252.16,252.76,8340
2026-07-23T00:00:00+05:30,251.97,252.76,251.0,251.52,12734
2026-07-24T00:00:00+05:30,250.84,251.17,249.0,250.86,5302
2026-07-27T00:00:00+05:30,248.35,253.13,248.35,252.93,7267
2026-07-28T00:00:00+05:30,252.78,253.41,252.44,252.7,1825
2026-07-29T00:00:00+05:30,254.25,255.48,254.25,255.07,6861
2026-07-30T00:00:00+05:30,256.34,256.34,254.51,255.92,4153
2026-07-31T00:00:00+05:30,255.98,257.39,255.98,256.62,19118
2026-08-03T00:00:00+05:30,259.19,260.0,257.27,258.73,33314
2026-08-04T00:00:00+05:30,259.11,259.8,256.85,257.88,24788
2026-08-05T00:00:00+05:30,258.61,260.11,257.27,258.7,10315
2026-08-06T00:00:00+05:30,258.7,269.0,257.0,258.89,8132
2026-08-07T00:00:00+05:30,256.3,260.49,256.3,258.71,7044
2026-08-10T00:00:00+05:30,258.25,260.0,258.22,259.24,12681
2026-08-11T00:00:00+05:30,259.24,259.24,257.55,258.11,12853
2026-08-12T00:00:00+05:30,255.53,259.57,255.53,258.35,23301
2026-08-13T00:00:00+05:30,257.04,257.69,256.45,256.96,10866
2026-08-14T00:00:00+05:30,254.39,257.71,254.39,257.3,2147
2026-08-17T00:00:00+05:30,255.75,257.17,255.58,256.83,5558
2026-08-18T00:00:00+05:30,256.58,256.67,255.0,255.42,3035
2026-08-19T00:00:00+05:30,255.79,255.79,253.56,254.07,8875
2026-08-20T00:00:00+05:30,255.5,256.08,254.94,255.67,2616
2026-08-21T00:00:00+05:30,254.92,256.21,254.92,255.55,3589
2026-08-24T00:00:00+05:30,256.49,256.63,254.35,254.91,3568
2026-08-25T00:00:00+05:30,252.36,256.23,252.36,255.97,6634
2026-08-26T00:00:00+05:30,255.67,257.3,255.67,256.28,2916
2026-08-27T00:00:00+05:30,255.57,255.68,254.54,254.7,4484
2026-08-28T00:00:00+05:30,257.25,257.25,253.91,254.81,6550
