Date,close
2011-01-28,31.1512
2011-01-31,31.4985
2011-02-01,32.1742
2011-02-02,32.01
2011-02-03,32.0668
2011-02-04,32.0479
2011-02-07,32.1363
2011-02-08,32.1868
2011-02-09,31.9911
2011-02-10,31.6943
2011-02-11,31.8142
2011-02-14,31.89
2011-02-15,31.789
2011-02-16,32.1868
2011-02-17,32.3194
2011-02-18,32.3763
2011-02-22,31.568
2011-02-23,31.5364
2011-02-24,31.5806
2011-02-25,31.9405
2011-02-28,32.231
2011-03-01,31.8648
2011-03-02,32.0984
2011-03-03,32.471
2011-03-04,32.2563
2011-03-07,32.0416
2011-03-08,32.1552
2011-03-09,32.1174
2011-03-10,31.3217
2011-03-11,31.4353
2011-03-14,30.9807
2011-03-15,30.4376
2011-03-16,29.5914
2011-03-17,30.3492
2011-03-18,30.8165
2011-03-21,31.4796
2011-03-22,31.4038
2011-03-23,31.5427
2011-03-24,31.8584
2011-03-25,31.6564
2011-03-28,31.5111
2011-03-29,31.7637
2011-03-30,32.1868
2011-03-31,32.1489
2011-04-01,32.4331
2011-04-04,32.6036
2011-04-05,32.4773
2011-04-06,32.7173
2011-04-07,32.5531
2011-04-08,32.7994
2011-04-11,32.5973
2011-04-12,32.2879
2011-04-13,32.4205
2011-04-14,32.4962
2011-04-15,32.4773
2011-04-18,31.8963
2011-04-19,32.1868
2011-04-20,32.9446
2011-04-21,33.0835
2011-04-25,33.0583
2011-04-26,33.3172
2011-04-27,33.6013
2011-04-28,33.6645
2011-04-29,33.8161
2011-05-02,33.7592
2011-05-03,33.4182
2011-05-04,33.0646
2011-05-05,32.4773
2011-05-06,32.6036
2011-05-09,32.7867
2011-05-10,33.0898
2011-05-11,32.4899
2011-05-12,32.6099
2011-05-13,32.0668
2011-05-16,31.9784
2011-05-17,32.0416
2011-05-18,32.3763
2011-05-19,32.4268
2011-05-20,32.0795
2011-05-23,31.4796
2011-05-24,31.6437
2011-05-25,31.8016
2011-05-26,32.0795
2011-05-27,32.3194
2011-05-31,32.7994
2011-06-01,32.1742
2011-06-02,32.3384
2011-06-03,32.2752
2011-06-06,31.8711
2011-06-07,32.1363
2011-06-08,31.8079
2011-06-09,32.0921
2011-06-10,31.3659
2011-06-13,31.3848
2011-06-14,31.8774
2011-06-15,31.0375
2011-06-16,30.8544
2011-06-17,31.0754
2011-06-20,31.0059
2011-06-21,31.6437
2011-06-22,31.2143
2011-06-23,31.0438
2011-06-24,30.8102
2011-06-27,31.0565
2011-06-28,31.4227
2011-06-29,31.8837
2011-06-30,32.4015
2011-07-01,32.7236
2011-07-05,32.5468
2011-07-06,32.3763
2011-07-07,32.6794
2011-07-08,32.351
2011-07-11,31.4859
2011-07-12,31.2585
2011-07-13,31.7258
2011-07-14,31.5238
2011-07-15,31.6437
2011-07-18,31.2585
2011-07-19,31.669
2011-07-20,31.9342
2011-07-21,32.5089
2011-07-22,32.5657
2011-07-25,32.3889
2011-07-26,32.5026
2011-07-27,31.909
2011-07-28,31.7385
2011-07-29,31.8332
2011-08-01,31.5932
2011-08-02,30.7533
2011-08-03,30.7912
2011-08-04,28.8084
2011-08-05,29.0168
2011-08-08,26.9518
2011-08-09,28.3916
2011-08-10,27.1539
2011-08-11,28.3284
2011-08-12,28.6
2011-08-15,29.282
2011-08-16,28.9536
2011-08-17,29.0168
2011-08-18,27.7285
2011-08-19,27.2865
2011-08-22,27.438
2011-08-23,28.2464
2011-08-24,28.2148
2011-08-25,27.6464
2011-08-26,28.0253
2011-08-29,28.701
2011-08-30,28.7579
2011-08-31,29.1431
2011-09-01,28.9536
2011-09-02,28.2274
2011-09-06,27.4254
2011-09-07,28.3411
2011-09-08,27.8106
2011-09-09,26.9076
2011-09-12,26.6929
2011-09-13,26.9518
2011-09-14,27.1602
2011-09-15,27.6843
2011-09-16,27.6149
2011-09-19,26.9897
2011-09-20,27.0465
2011-09-21,26.2509
2011-09-22,25.07
2011-09-23,25.2784
2011-09-26,25.6383
2011-09-27,26.333
2011-09-28,25.8151
2011-09-29,26.3519
2011-09-30,25.4552
2011-10-03,24.6911
2011-10-04,24.9753
2011-10-05,25.4047
2011-10-06,26.213
2011-10-07,25.9983
2011-10-10,26.9518
2011-10-11,26.8255
2011-10-12,27.5138
2011-10-13,27.4254
2011-10-14,27.8296
2011-10-17,27.0213
2011-10-18,27.5833
2011-10-19,27.0339
2011-10-20,27.0276
2011-10-21,27.678
2011-10-24,28.2527
2011-10-25,27.7601
2011-10-26,28.1327
2011-10-27,29.5219
2011-10-28,29.2883
2011-10-31,28.0632
2011-11-01,27.116
2011-11-02,27.6528
2011-11-03,28.2969
2011-11-04,27.9117
2011-11-07,28.139
2011-11-08,28.4042
2011-11-09,26.9139
2011-11-10,27.2549
2011-11-11,27.9117
2011-11-14,27.4886
2011-11-15,27.5707
2011-11-16,26.8634
2011-11-17,26.4719
2011-11-18,26.5413
2011-11-21,25.9604
2011-11-22,25.7015
2011-11-23,25.051
2011-11-25,24.9058
2011-11-28,26.0361
2011-11-29,26.0993
2011-11-30,27.4696
2011-12-01,27.2044
2011-12-02,27.2676
2011-12-05,27.5517
2011-12-06,27.4128
2011-12-07,27.577
2011-12-08,26.6108
2011-12-09,27.2297
2011-12-12,26.4466
2011-12-13,26.0046
2011-12-14,25.7836
2011-12-15,25.8657
2011-12-16,25.8657
2011-12-19,25.5562
2011-12-20,26.3645
2011-12-21,26.3196
2011-12-22,26.5737
2011-12-23,26.7301
2011-12-27,26.6715
2011-12-28,26.1306
2011-12-29,26.5281
2011-12-30,26.6519
2012-01-03,27.4273
2012-01-04,27.3035
2012-01-05,27.0038
2012-01-06,26.6519
2012-01-09,26.8148
2012-01-10,27.2319
2012-01-11,27.1732
2012-01-12,27.284
2012-01-13,27.0233
2012-01-17,27.3296
2012-01-18,27.8835
2012-01-19,28.1832
2012-01-20,28.3201
2012-01-23,28.4895
2012-01-24,28.3266
2012-01-25,28.685
2012-01-26,28.6589
2012-01-27,28.7306
2012-01-30,28.4309
2012-01-31,28.6068
2012-02-01,29.0304
2012-02-02,29.1281
2012-02-03,29.5517
2012-02-06,29.3888
2012-02-07,29.5191
2012-02-08,29.6494
2012-02-09,29.6429
2012-02-10,29.1216
2012-02-13,29.4474
2012-02-14,29.2454
2012-02-15,29.3627
2012-02-16,29.6494
2012-02-17,29.8319
2012-02-21,29.8319
2012-02-22,29.7667
2012-02-23,29.9492
2012-02-24,30.1447
2012-02-27,29.871
2012-02-28,30.2359
2012-02-29,29.9101
2012-03-01,30.3141
2012-03-02,29.9883
2012-03-05,29.7537
2012-03-06,28.874
2012-03-07,29.2193
2012-03-08,29.8645
2012-03-09,29.7863
2012-03-12,29.6429
2012-03-13,30.1512
2012-03-14,29.8319
2012-03-15,30.086
2012-03-16,30.2229
2012-03-19,30.288
2012-03-20,29.9101
2012-03-21,29.8384
2012-03-22,29.493
2012-03-23,29.6885
2012-03-26,30.1382
2012-03-27,29.9622
2012-03-28,29.7146
2012-03-29,29.5386
2012-03-30,29.7472
2012-04-02,30.1447
2012-04-03,29.695
2012-04-04,29.0499
2012-04-05,29.0173
2012-04-09,28.7697
2012-04-10,28.2419
2012-04-11,28.6003
2012-04-12,29.1542
2012-04-13,28.6329
2012-04-16,28.7502
2012-04-17,29.1672
2012-04-18,28.9782
2012-04-19,28.9
2012-04-20,29.0434
2012-04-23,28.5742
2012-04-24,28.7306
2012-04-25,29.1151
2012-04-26,29.1868
2012-04-27,29.278
2012-04-30,29.1281
2012-05-01,29.291
2012-05-02,29.0564
2012-05-03,28.7828
2012-05-04,28.3983
2012-05-07,28.5416
2012-05-08,28.1507
2012-05-09,27.7857
2012-05-10,27.9161
2012-05-11,27.7467
2012-05-14,27.1732
2012-05-15,26.8539
2012-05-16,26.5802
2012-05-17,26.2479
2012-05-18,26.0394
2012-05-21,26.5411
2012-05-22,26.4629
2012-05-23,26.2544
2012-05-24,26.1371
2012-05-25,26.0133
2012-05-29,26.4173
2012-05-30,25.883
2012-05-31,25.9742
2012-06-01,25.3486
2012-06-04,25.5311
2012-06-05,25.7005
2012-06-06,26.4369
2012-06-07,26.4369
2012-06-08,26.2609
2012-06-11,26.0394
2012-06-12,26.4955
2012-06-13,26.287
2012-06-14,26.4499
2012-06-15,26.8278
2012-06-18,26.8148
2012-06-19,27.297
2012-06-20,27.3166
2012-06-21,26.5607
2012-06-22,26.8474
2012-06-25,26.1371
2012-06-26,26.3717
2012-06-27,26.5542
2012-06-28,26.5216
2012-06-29,27.5251
2012-07-02,27.675
2012-07-03,27.9096
2012-07-05,27.5772
2012-07-06,27.2775
2012-07-09,27.1732
2012-07-10,26.9973
2012-07-11,27.095
2012-07-12,26.7496
2012-07-13,27.1862
2012-07-16,27.1472
2012-07-17,27.3361
2012-07-18,27.4208
2012-07-19,27.6815
2012-07-20,27.1732
2012-07-23,26.6323
2012-07-24,26.3977
2012-07-25,26.5085
2012-07-26,27.1993
2012-07-27,27.8314
2012-07-30,27.7532
2012-07-31,27.6098
2012-08-01,27.5902
2012-08-02,27.2775
2012-08-03,28.0855
2012-08-06,28.2679
2012-08-07,28.483
2012-08-08,28.4439
2012-08-09,28.4895
2012-08-10,28.5873
2012-08-13,28.4374
2012-08-14,28.5221
2012-08-15,28.4895
2012-08-16,28.7893
2012-08-17,28.8023
2012-08-20,28.7502
2012-08-21,28.874
2012-08-22,28.874
2012-08-23,28.685
2012-08-24,28.672
2012-08-27,28.6329
2012-08-28,28.4634
2012-08-29,28.3527
2012-08-30,28.0334
2012-08-31,28.3266
2012-09-04,28.1311
2012-09-05,28.0594
2012-09-06,28.7306
2012-09-07,29.1802
2012-09-10,28.9522
2012-09-11,29.1933
2012-09-12,29.3627
2012-09-13,29.9427
2012-09-14,30.288
2012-09-17,30.0469
2012-09-18,29.9231
2012-09-19,30.0339
2012-09-20,29.8188
2012-09-21,29.897
2012-09-24,29.8023
2012-09-25,29.5505
2012-09-26,29.2855
2012-09-27,29.7162
2012-09-28,29.2921
2012-10-01,29.4909
2012-10-02,29.6234
2012-10-03,29.4975
2012-10-04,29.7957
2012-10-05,29.8487
2012-10-08,29.5969
2012-10-09,29.2457
2012-10-10,29.1265
2012-10-11,29.3186
2012-10-12,29.2789
2012-10-15,29.5836
2012-10-16,29.9944
2012-10-17,30.233
2012-10-18,30.18
2012-10-19,29.7228
2012-10-22,29.9746
2012-10-23,29.3451
2012-10-24,29.4246
2012-10-25,29.6366
2012-10-26,29.5174
2012-10-31,29.5306
2012-11-01,29.8686
2012-11-02,29.6499
2012-11-05,29.6433
2012-11-06,29.8619
2012-11-07,29.418
2012-11-08,29.1265
2012-11-09,29.1729
2012-11-12,29.1729
2012-11-13,28.994
2012-11-14,28.6826
2012-11-15,28.7422
2012-11-16,28.7422
2012-11-19,29.3385
2012-11-20,29.2987
2012-11-21,29.3782
2012-11-23,29.9481
2012-11-26,29.8619
2012-11-27,29.6632
2012-11-28,29.8553
2012-11-29,30.127
2012-11-30,30.1402
2012-12-03,30.1203
2012-12-04,30.2131
2012-12-05,30.3589
2012-12-06,30.4317
2012-12-07,30.4649
2012-12-10,30.551
2012-12-11,30.6636
2012-12-12,30.8094
2012-12-13,30.7166
2012-12-14,30.816
2012-12-17,30.9684
2012-12-18,31.2069
2012-12-19,31.2666
2012-12-20,31.4721
2012-12-21,31.19
2012-12-24,31.0893
2012-12-26,31.1228
2012-12-27,31.284
2012-12-28,31.0624
2012-12-31,31.6131
2013-01-02,32.0967
2013-01-03,31.828
2013-01-04,31.9288
2013-01-07,31.7945
2013-01-08,31.6064
2013-01-09,31.7877
2013-01-10,32.184
2013-01-11,32.1773
2013-01-14,32.1974
2013-01-15,32.0967
2013-01-16,31.9489
2013-01-17,32.231
2013-01-18,32.2444
2013-01-22,32.2377
2013-01-23,32.1437
2013-01-24,32.2646
2013-01-25,32.4325
2013-01-28,32.1773
2013-01-29,32.493
2013-01-30,32.4459
2013-01-31,32.3721
2013-02-01,32.6877
2013-02-04,32.137
2013-02-05,32.2579
2013-02-06,32.3318
2013-02-07,32.0564
2013-02-08,32.2109
2013-02-11,32.1974
2013-02-12,32.3116
2013-02-13,32.4325
2013-02-14,32.2847
2013-02-15,32.2176
2013-02-19,32.4997
2013-02-20,32.2915
2013-02-21,31.7407
2013-02-22,32.1034
2013-02-25,31.4654
2013-02-26,31.7206
2013-02-27,32.0765
2013-02-28,32.0027
2013-03-01,31.9758
2013-03-04,32.0094
2013-03-05,32.3183
2013-03-06,32.4056
2013-03-07,32.4997
2013-03-08,32.587
2013-03-11,32.6273
2013-03-12,32.4594
2013-03-13,32.3519
2013-03-14,32.6071
2013-03-15,32.5668
2013-03-18,32.2713
2013-03-19,32.1303
2013-03-20,32.3855
2013-03-21,32.09
2013-03-22,32.3223
2013-03-25,32.0395
2013-03-26,32.2347
2013-03-27,32.1674
2013-03-28,32.3021
2013-04-01,32.0058
2013-04-02,32.1472
2013-04-03,31.9317
2013-04-04,32.127
2013-04-05,31.9654
2013-04-08,31.9991
2013-04-09,32.1944
2013-04-10,32.6455
2013-04-11,32.7869
2013-04-12,32.6253
2013-04-15,31.8375
2013-04-16,32.43
2013-04-17,31.7095
2013-04-18,31.6893
2013-04-19,32.026
2013-04-22,32.1001
2013-04-23,32.4637
2013-04-24,32.6994
2013-04-25,32.8745
2013-04-26,32.8947
2013-04-29,33.2448
2013-04-30,33.4334
2013-05-01,33.1707
2013-05-02,33.3324
2013-05-03,33.6489
2013-05-06,33.6152
2013-05-07,33.7431
2013-05-08,34.127
2013-05-09,33.7633
2013-05-10,33.8172
2013-05-13,33.7364
2013-05-14,33.8172
2013-05-15,33.8778
2013-05-16,33.6354
2013-05-17,33.8239
2013-05-20,34.0865
2013-05-21,34.1067
2013-05-22,33.7499
2013-05-23,33.393
2013-05-24,33.0967
2013-05-28,33.1371
2013-05-29,32.8947
2013-05-30,33.0293
2013-05-31,32.329
2013-06-03,32.6455
2013-06-04,32.5378
2013-06-05,31.9452
2013-06-06,32.1405
2013-06-07,32.3357
2013-06-10,32.3088
2013-06-11,31.8577
2013-06-12,31.8038
2013-06-13,32.2886
2013-06-14,31.8913
2013-06-17,32.3156
2013-06-18,32.4839
2013-06-19,31.8509
2013-06-20,30.8004
2013-06-21,30.8678
2013-06-24,30.253
2013-06-25,30.6488
2013-06-26,30.8466
2013-06-27,31.2014
2013-06-28,31.1673
2013-07-01,31.4129
2013-07-02,31.2355
2013-07-03,31.1605
2013-07-05,31.2833
2013-07-08,31.4198
2013-07-09,31.6313
2013-07-10,31.6449
2013-07-11,32.6001
2013-07-12,32.3886
2013-07-15,32.5865
2013-07-16,32.6001
2013-07-17,32.7502
2013-07-18,32.8662
2013-07-19,32.8458
2013-07-22,33.0368
2013-07-23,33.1869
2013-07-24,33.0505
2013-07-25,33.1187
2013-07-26,32.9618
2013-07-29,32.6615
2013-07-30,32.5933
2013-07-31,32.607
2013-08-01,33.0232
2013-08-02,33.1869
2013-08-05,33.0846
2013-08-06,32.9959
2013-08-07,32.7639
2013-08-08,33.2006
2013-08-09,33.262
2013-08-12,33.2551
2013-08-13,33.4666
2013-08-14,33.453
2013-08-15,33.2278
2013-08-16,33.2006
2013-08-19,32.9072
2013-08-20,32.8458
2013-08-21,32.375
2013-08-22,32.8048
2013-08-23,33.0027
2013-08-26,32.8048
2013-08-27,32.2317
2013-08-28,32.2112
2013-08-29,32.218
2013-08-30,31.9724
2013-09-03,32.491
2013-09-04,32.8048
2013-09-05,32.8662
2013-09-06,33.0709
2013-09-09,33.6577
2013-09-10,33.9647
2013-09-11,34.0466
2013-09-12,33.8146
2013-09-13,33.9647
2013-09-16,34.2786
2013-09-17,34.2786
2013-09-18,35.2611
2013-09-19,35.0018
2013-09-20,34.6675
2013-09-23,34.6949
2013-09-24,34.6606
2013-09-25,34.6264
2013-09-26,34.7703
2013-09-27,34.6469
2013-09-30,34.3728
2013-10-01,34.6127
2013-10-02,34.6606
2013-10-03,34.4962
2013-10-04,34.5853
2013-10-07,34.2837
2013-10-08,34.0027
2013-10-09,34.2494
2013-10-10,34.8251
2013-10-11,34.9554
2013-10-14,35.0993
2013-10-15,34.8937
2013-10-16,35.1952
2013-10-17,35.5585
2013-10-18,35.7436
2013-10-21,35.7916
2013-10-22,36.1548
2013-10-23,35.6887
2013-10-24,35.8669
2013-10-25,35.8258
2013-10-28,35.8121
2013-10-29,35.9012
2013-10-30,35.7778
2013-10-31,35.6339
2013-11-01,35.4146
2013-11-04,35.5791
2013-11-05,35.2158
2013-11-06,35.5448
2013-11-07,34.9348
2013-11-08,35.1267
2013-11-11,35.1062
2013-11-12,34.9417
2013-11-13,35.0787
2013-11-14,35.2775
2013-11-15,35.6476
2013-11-18,35.7162
2013-11-19,35.5859
2013-11-20,35.3118
2013-11-21,35.4831
2013-11-22,35.5859
2013-11-25,35.4763
2013-11-26,35.394
2013-11-27,35.5654
2013-11-29,35.6819
2013-12-02,35.3598
2013-12-03,35.1267
2013-12-04,34.9417
2013-12-05,34.7772
2013-12-06,35.2638
2013-12-09,35.2638
2013-12-10,35.1884
2013-12-11,34.8663
2013-12-12,34.5784
2013-12-13,34.6058
2013-12-16,34.8457
2013-12-17,34.6949
2013-12-18,35.1952
2013-12-19,35.0719
2013-12-20,35.195
2013-12-23,35.4785
2013-12-24,35.5615
2013-12-26,35.686
2013-12-27,35.8935
2013-12-30,36.0733
2013-12-31,36.2255
2014-01-02,35.5892
2014-01-03,35.5754
2014-01-06,35.4716
2014-01-07,35.6445
2014-01-08,35.6238
2014-01-09,35.52
2014-01-10,35.8866
2014-01-13,35.6099
2014-01-14,35.8935
2014-01-15,35.9696
2014-01-16,35.9765
2014-01-17,35.8451
2014-01-21,35.9765
2014-01-22,36.0871
2014-01-23,35.7068
2014-01-24,34.78
2014-01-27,34.5656
2014-01-28,34.9184
2014-01-29,34.4965
2014-01-30,34.6971
2014-01-31,34.2682
2014-02-03,33.6389
2014-02-04,33.9432
2014-02-05,34.0193
2014-02-06,34.6348
2014-02-07,35.0013
2014-02-10,34.8769
2014-02-11,35.4094
2014-02-12,35.437
2014-02-13,35.5269
2014-02-14,35.7552
2014-02-18,35.9073
2014-02-19,35.6791
2014-02-20,35.7967
2014-02-21,35.9212
2014-02-24,36.1632
2014-02-25,36.1148
2014-02-26,35.935
2014-02-27,36.1079
2014-02-28,36.184
2014-03-03,35.4785
2014-03-04,36.1148
2014-03-05,36.1148
2014-03-06,36.5159
2014-03-07,36.2324
2014-03-10,35.9765
2014-03-11,35.7898
2014-03-12,35.6999
2014-03-13,35.1189
2014-03-14,35.0912
2014-03-17,35.4924
2014-03-18,35.7413
2014-03-19,35.278
2014-03-20,35.2088
2014-03-21,35.2019
2014-03-24,35.3126
2014-03-25,35.6518
2014-03-26,35.6588
2014-03-27,35.9165
2014-03-28,36.1325
2014-03-31,36.3623
2014-04-01,36.6131
2014-04-02,36.6828
2014-04-03,36.5783
2014-04-04,36.4947
2014-04-07,36.3693
2014-04-08,36.4668
2014-04-09,36.8917
2014-04-10,36.2648
2014-04-11,36.1325
2014-04-14,36.2857
2014-04-15,36.0489
2014-04-16,36.4181
2014-04-17,36.6131
2014-04-21,36.7106
2014-04-22,36.7385
2014-04-23,36.627
2014-04-24,36.6549
2014-04-25,36.432
2014-04-28,36.5434
2014-04-29,36.6897
2014-04-30,36.8221
2014-05-01,36.8778
2014-05-02,36.9266
2014-05-05,36.8917
2014-05-06,36.8639
2014-05-07,36.9614
2014-05-08,36.9684
2014-05-09,36.8917
2014-05-12,37.2122
2014-05-13,37.247
2014-05-14,37.2679
2014-05-15,37.038
2014-05-16,37.1564
2014-05-19,37.1355
2014-05-20,36.8848
2014-05-21,37.1564
2014-05-22,37.2679
2014-05-23,37.3724
2014-05-27,37.5117
2014-05-28,37.4351
2014-05-29,37.6371
2014-05-30,37.5326
2014-06-02,37.6998
2014-06-03,37.6371
2014-06-04,37.6301
2014-06-05,37.8809
2014-06-06,38.1108
2014-06-09,38.1387
2014-06-10,38.1108
2014-06-11,37.9715
2014-06-12,37.9575
2014-06-13,38.0063
2014-06-16,37.9715
2014-06-17,37.9227
2014-06-18,38.278
2014-06-19,38.3685
2014-06-20,38.3407
2014-06-23,38.264
2014-06-24,38.0415
2014-06-25,38.0556
2014-06-26,38.0978
2014-06-27,38.1964
2014-06-30,38.2387
2014-07-01,38.5697
2014-07-02,38.6261
2014-07-03,38.774
2014-07-07,38.5134
2014-07-08,38.2035
2014-07-09,38.3443
2014-07-10,37.9429
2014-07-11,37.9921
2014-07-14,38.2457
2014-07-15,38.126
2014-07-16,38.3584
2014-07-17,37.8372
2014-07-18,38.2105
2014-07-21,38.1471
2014-07-22,38.3725
2014-07-23,38.45
2014-07-24,38.4993
2014-07-25,38.3654
2014-07-28,38.45
2014-07-29,38.3021
2014-07-30,38.2739
2014-07-31,37.5766
2014-08-01,37.4498
2014-08-04,37.6822
2014-08-05,37.147
2014-08-06,37.1047
2014-08-07,36.7948
2014-08-08,37.0131
2014-08-11,37.2385
2014-08-12,37.2033
2014-08-13,37.4498
2014-08-14,37.5907
2014-08-15,37.5555
2014-08-18,37.8231
2014-08-19,37.9006
2014-08-20,37.8442
2014-08-21,37.9076
2014-08-22,37.7597
2014-08-25,38.0485
2014-08-26,38.0837
2014-08-27,38.2175
2014-08-28,37.9992
2014-08-29,38.0133
2014-09-02,38.0133
2014-09-03,38.3514
2014-09-04,38.1189
2014-09-05,38.2035
2014-09-08,37.8231
2014-09-09,37.6259
2014-09-10,37.7527
2014-09-11,37.5625
2014-09-12,37.3723
2014-09-15,37.3019
2014-09-16,37.5414
2014-09-17,37.2667
2014-09-18,37.485
2014-09-19,37.2667
2014-09-22,37.0272
2014-09-23,36.7736
2014-09-24,36.9818
2014-09-25,36.38
2014-09-26,36.5853
2014-09-29,36.1888
2014-09-30,36.1109
2014-10-01,35.6719
2014-10-02,35.4241
2014-10-03,35.4736
2014-10-06,35.7427
2014-10-07,35.2329
2014-10-08,35.7286
2014-10-09,34.8789
2014-10-10,34.2983
2014-10-13,34.3408
2014-10-14,34.4045
2014-10-15,34.1071
2014-10-16,33.9159
2014-10-17,34.3832
2014-10-20,34.624
2014-10-21,34.978
2014-10-22,34.716
2014-10-23,34.9922
2014-10-24,35.1904
2014-10-27,34.9709
2014-10-28,35.5303
2014-10-29,35.2966
2014-10-30,35.5232
2014-10-31,36.0826
2014-11-03,35.7569
2014-11-04,35.5728
2014-11-05,35.6082
2014-11-06,35.3604
2014-11-07,35.4312
2014-11-10,35.5232
2014-11-11,35.6931
2014-11-12,35.4949
2014-11-13,35.5657
2014-11-14,35.6861
2014-11-17,35.4949
2014-11-18,35.8348
2014-11-19,35.764
2014-11-20,35.6436
2014-11-21,36.0755
2014-11-24,36.0755
2014-11-25,36.1534
2014-11-26,36.3375
2014-11-28,35.8985
2014-12-01,35.7356
2014-12-02,35.8135
2014-12-03,35.8631
2014-12-04,35.7569
2014-12-05,35.7852
2014-12-08,35.3604
2014-12-09,35.1621
2014-12-10,34.6877
2014-12-11,34.6027
2014-12-12,33.9726
2014-12-15,33.4698
2014-12-16,33.6327
2014-12-17,34.0859
2014-12-18,34.6523
2014-12-19,34.6877
2014-12-22,34.8662
2014-12-23,34.752
2014-12-24,34.859
2014-12-26,35.1303
2014-12-29,34.9019
2014-12-30,34.6163
2014-12-31,34.5092
2015-01-02,34.4164
2015-01-05,33.6597
2015-01-06,33.4027
2015-01-07,33.7953
2015-01-08,34.2237
2015-01-09,34.0809
2015-01-12,33.9453
2015-01-13,34.1237
2015-01-14,33.981
2015-01-15,34.2237
2015-01-16,34.5592
2015-01-20,34.602
2015-01-21,34.9304
2015-01-22,35.166
2015-01-23,34.9233
2015-01-26,35.2945
2015-01-27,35.2588
2015-01-28,34.8019
2015-01-29,35.1375
2015-01-30,34.602
2015-02-02,35.116
2015-02-03,35.6586
2015-02-04,35.373
2015-02-05,35.78
2015-02-06,35.2945
2015-02-09,35.216
2015-02-10,35.3945
2015-02-11,35.2231
2015-02-12,35.7942
2015-02-13,36.0298
2015-02-17,36.144
2015-02-18,36.2868
2015-02-19,36.244
2015-02-20,36.5153
2015-02-23,36.3653
2015-02-24,36.5938
2015-02-25,36.6723
2015-02-26,36.6081
2015-02-27,36.6009
2015-03-02,36.6009
2015-03-03,36.4153
2015-03-04,36.2368
2015-03-05,36.2583
2015-03-06,35.7585
2015-03-09,35.78
2015-03-10,35.0304
2015-03-11,35.1232
2015-03-12,35.5087
2015-03-13,35.266
2015-03-16,35.6372
2015-03-17,35.6229
2015-03-18,36.3796
2015-03-19,35.937
2015-03-20,36.6437
2015-03-23,36.8151
2015-03-24,36.8294
2015-03-25,36.4627
2015-03-26,36.2551
2015-03-27,36.2837
2015-03-30,36.4341
2015-03-31,36.0546
2015-04-01,36.341
2015-04-02,36.6704
2015-04-06,37.0857
2015-04-07,37.0642
2015-04-08,37.3364
2015-04-09,37.4796
2015-04-10,37.5225
2015-04-13,37.3149
2015-04-14,37.6013
2015-04-15,37.8233
2015-04-16,37.9665
2015-04-17,37.4581
2015-04-20,37.4796
2015-04-21,37.7588
2015-04-22,37.8662
2015-04-23,38.0596
2015-04-24,38.2243
2015-04-27,38.4248
2015-04-28,38.4678
2015-04-29,38.1742
2015-04-30,37.7875
2015-05-01,38.0811
2015-05-04,38.1527
2015-05-05,37.63
2015-05-06,37.6085
2015-05-07,37.4581
2015-05-08,38.1956
2015-05-11,37.8877
2015-05-12,37.8591
2015-05-13,38.0668
2015-05-14,38.5179
2015-05-15,38.6253
2015-05-18,38.4391
2015-05-19,38.3317
2015-05-20,38.3818
2015-05-21,38.5394
2015-05-22,38.3603
2015-05-26,37.7087
2015-05-27,37.9951
2015-05-28,37.8161
2015-05-29,37.4438
2015-06-01,37.3292
2015-06-02,37.5369
2015-06-03,37.6586
2015-06-04,37.2146
2015-06-05,36.8924
2015-06-08,36.8136
2015-06-09,36.6418
2015-06-10,37.322
2015-06-11,37.3722
2015-06-12,37.1287
2015-06-15,36.8781
2015-06-16,36.8852
2015-06-17,36.8566
2015-06-18,37.1931
2015-06-19,37.0213
2015-06-22,37.6586
2015-06-23,37.809
2015-06-24,37.5154
2015-06-25,37.4724
2015-06-26,37.4413
2015-06-29,36.4065
2015-06-30,36.421
2015-07-01,36.6019
2015-07-02,36.6887
2015-07-06,35.9144
2015-07-07,35.8059
2015-07-08,34.8579
2015-07-09,35.4006
2015-07-10,36.3775
2015-07-13,36.5367
2015-07-14,36.7828
2015-07-15,36.5657
2015-07-16,36.8407
2015-07-17,36.7683
2015-07-20,36.8045
2015-07-21,36.7394
2015-07-22,36.4137
2015-07-23,36.2835
2015-07-24,35.8276
2015-07-27,35.5309
2015-07-28,35.9433
2015-07-29,36.0808
2015-07-30,36.0229
2015-07-31,36.2183
2015-08-03,36.0229
2015-08-04,36.0447
2015-08-05,36.2545
2015-08-06,36.0664
2015-08-07,36.0374
2015-08-10,36.5006
2015-08-11,35.8782
2015-08-12,35.6467
2015-08-13,35.5526
2015-08-14,35.5887
2015-08-17,35.5236
2015-08-18,35.2486
2015-08-19,34.8941
2015-08-20,34.1125
2015-08-21,33.2948
2015-08-24,32.0863
2015-08-25,32.3324
2015-08-26,33.179
2015-08-27,33.8014
2015-08-28,33.7724
2015-08-31,33.5264
2015-09-01,32.4047
2015-09-02,32.8823
2015-09-03,32.9185
2015-09-04,32.1225
2015-09-08,33.0633
2015-09-09,32.9258
2015-09-10,33.1356
2015-09-11,33.1211
2015-09-14,32.9547
2015-09-15,33.1718
2015-09-16,33.729
2015-09-17,33.7579
2015-09-18,32.9692
2015-09-21,32.9981
2015-09-22,32.2238
2015-09-23,32.0285
2015-09-24,31.9344
2015-09-25,32.1482
2015-09-28,31.4645
2015-09-29,31.53
2015-09-30,32.2355
2015-10-01,32.3082
2015-10-02,32.9555
2015-10-05,33.632
2015-10-06,33.6247
2015-10-07,34.1847
2015-10-08,34.4248
2015-10-09,34.5193
2015-10-12,34.2866
2015-10-13,33.8065
2015-10-14,33.9956
2015-10-15,34.5993
2015-10-16,34.5848
2015-10-19,34.352
2015-10-20,34.3302
2015-10-21,34.1702
2015-10-22,34.6793
2015-10-23,34.9339
2015-10-26,34.7448
2015-10-27,34.4248
2015-10-28,34.6066
2015-10-29,34.3011
2015-10-30,34.2502
2015-11-02,34.6211
2015-11-03,34.7448
2015-11-04,34.5411
2015-11-05,34.4029
2015-11-06,34.1993
2015-11-09,33.8356
2015-11-10,33.7483
2015-11-11,33.8574
2015-11-12,33.4865
2015-11-13,33.1592
2015-11-16,33.6174
2015-11-17,33.6902
2015-11-18,34.0029
2015-11-19,34.1775
2015-11-20,34.1775
2015-11-23,33.8647
2015-11-24,33.9302
2015-11-25,33.9302
2015-11-27,33.7847
2015-11-30,33.7993
2015-12-01,34.1484
2015-12-02,33.7774
2015-12-03,33.6247
2015-12-04,33.9011
2015-12-07,33.552
2015-12-08,33.0501
2015-12-09,32.9555
2015-12-10,32.9046
2015-12-11,32.2137
2015-12-14,32.33
2015-12-15,32.5846
2015-12-16,33.2465
2015-12-17,32.7737
2015-12-18,32.5337
2015-12-21,32.7587
2015-12-22,32.9786
2015-12-23,33.5357
2015-12-24,33.4771
2015-12-28,33.3525
2015-12-29,33.6457
2015-12-30,33.3745
2015-12-31,33.0666
2016-01-04,32.4948
2016-01-05,32.4362
2016-01-06,31.8864
2016-01-07,31.2267
2016-01-08,30.8602
2016-01-11,30.9262
2016-01-12,30.9995
2016-01-13,30.5743
2016-01-14,30.9848
2016-01-15,29.79
2016-01-19,30.1418
2016-01-20,29.4015
2016-01-21,29.6507
2016-01-22,30.5377
2016-01-25,30.0246
2016-01-26,30.6036
2016-01-27,30.457
2016-01-28,30.655
2016-01-29,31.2634
2016-02-01,31.1314
2016-02-02,30.4204
2016-02-03,30.8089
2016-02-04,30.9555
2016-02-05,30.5377
2016-02-08,29.9952
2016-02-09,29.5848
2016-02-10,29.5774
2016-02-11,29.1229
2016-02-12,29.6067
2016-02-16,30.2225
2016-02-17,30.8089
2016-02-18,30.677
2016-02-19,30.567
2016-02-22,30.9115
2016-02-23,30.4497
2016-02-24,30.3764
2016-02-25,30.6916
2016-02-26,30.6036
2016-02-29,30.4937
2016-03-01,31.3586
2016-03-02,31.6592
2016-03-03,31.9964
2016-03-04,32.3336
2016-03-07,32.2896
2016-03-08,31.8425
2016-03-09,32.0697
2016-03-10,32.011
2016-03-11,32.832
2016-03-14,32.6561
2016-03-15,32.298
2016-03-16,32.7392
2016-03-17,33.0922
2016-03-18,33.0407
2016-03-21,33.0775
2016-03-22,33.0113
2016-03-23,32.5848
2016-03-24,32.4083
2016-03-28,32.6215
2016-03-29,32.9598
2016-03-30,33.2907
2016-03-31,33.0334
2016-04-01,32.7024
2016-04-04,32.5627
2016-04-05,31.9965
2016-04-06,32.4892
2016-04-07,31.9891
2016-04-08,32.6436
2016-04-11,32.7024
2016-04-12,33.2466
2016-04-13,33.7393
2016-04-14,33.7026
2016-04-15,33.6217
2016-04-18,33.879
2016-04-19,34.4968
2016-04-20,34.4232
2016-04-21,34.2026
2016-04-22,34.1806
2016-04-25,34.0114
2016-04-26,34.1511
2016-04-27,34.2541
2016-04-28,33.857
2016-04-29,33.7467
2016-05-02,33.9673
2016-05-03,33.2834
2016-05-04,32.901
2016-05-05,32.8569
2016-05-06,32.9451
2016-05-09,32.7686
2016-05-10,33.3054
2016-05-11,33.0848
2016-05-12,33.0848
2016-05-13,32.6363
2016-05-16,33.1142
2016-05-17,32.8642
2016-05-18,32.8127
2016-05-19,32.5627
2016-05-20,32.8274
2016-05-23,32.7098
2016-05-24,33.151
2016-05-25,33.4966
2016-05-26,33.5775
2016-05-27,33.504
2016-05-31,33.4158
2016-06-01,33.4231
2016-06-02,33.4893
2016-06-03,33.7908
2016-06-06,34.0408
2016-06-07,34.3276
2016-06-08,34.4526
2016-06-09,33.9967
2016-06-10,33.0848
2016-06-13,32.6142
2016-06-14,32.2249
2016-06-15,32.478
2016-06-16,32.4482
2016-06-17,32.6938
2016-06-20,33.4457
2016-06-21,33.669
2016-06-22,33.6615
2016-06-23,34.5474
2016-06-24,31.875
2016-06-27,31.3018
2016-06-28,32.0834
2016-06-29,32.7162
2016-06-30,33.1107
2016-07-01,33.2
2016-07-05,32.6268
2016-07-06,32.5598
2016-07-07,32.4259
2016-07-08,32.9842
2016-07-11,33.3861
2016-07-12,33.8477
2016-07-13,33.8402
2016-07-14,34.1305
2016-07-15,33.9891
2016-07-18,34.1082
2016-07-19,33.7955
2016-07-20,34.0635
2016-07-21,34.0338
2016-07-22,34.0859
2016-07-25,33.9742
2016-07-26,34.1156
2016-07-27,34.2794
2016-07-28,34.2719
2016-07-29,34.6069
2016-08-01,34.4432
2016-08-02,34.3092
2016-08-03,34.2496
2016-08-04,34.4357
2016-08-05,34.592
2016-08-08,34.7186
2016-08-09,34.9866
2016-08-10,35.0536
2016-08-11,35.3364
2016-08-12,35.2099
2016-08-15,35.4258
2016-08-16,35.2992
2016-08-17,35.2992
2016-08-18,35.4853
2016-08-19,35.2471
2016-08-22,35.2025
2016-08-23,35.3067
2016-08-24,35.2248
2016-08-25,35.1578
2016-08-26,34.9047
2016-08-29,35.0387
2016-08-30,34.9419
2016-08-31,34.7633
2016-09-01,34.9866
2016-09-02,35.3885
2016-09-06,35.7533
2016-09-07,35.798
2016-09-08,35.7459
2016-09-09,34.9494
2016-09-12,35.2397
2016-09-13,34.3741
2016-09-14,34.4041
2016-09-15,34.741
2016-09-16,34.3741
2016-09-19,34.6062
2016-09-20,34.7111
2016-09-21,35.3924
2016-09-22,35.7443
2016-09-23,35.3699
2016-09-26,35.0405
2016-09-27,35.2576
2016-09-28,35.5646
2016-09-29,35.1603
2016-09-30,35.3475
2016-10-03,35.325
2016-10-04,35.1977
2016-10-05,35.4523
2016-10-06,35.3026
2016-10-07,35.0779
2016-10-10,35.2352
2016-10-11,34.6811
2016-10-12,34.6362
2016-10-13,34.4939
2016-10-14,34.5538
2016-10-17,34.4865
2016-10-18,34.8983
2016-10-19,35.0181
2016-10-20,35.0031
2016-10-21,34.9582
2016-10-24,34.9956
2016-10-25,34.9582
2016-10-26,34.7635
2016-10-27,34.6811
2016-10-28,34.6437
2016-10-31,34.6736
2016-11-01,34.5389
2016-11-02,34.2468
2016-11-03,34.2169
2016-11-04,33.8875
2016-11-07,34.5314
2016-11-08,34.6437
2016-11-09,34.4116
2016-11-10,34.187
2016-11-11,33.835
2016-11-14,33.6254
2016-11-15,33.9548
2016-11-16,33.6029
2016-11-17,33.8126
2016-11-18,33.5281
2016-11-21,33.8276
2016-11-22,33.9923
2016-11-23,33.835
2016-11-25,33.9698
2016-11-28,33.8425
2016-11-29,34.0073
2016-11-30,33.9773
2016-12-01,33.8875
2016-12-02,33.9773
2016-12-05,34.2468
2016-12-06,34.4265
2016-12-07,34.9207
2016-12-08,34.9432
2016-12-09,35.048
2016-12-12,34.8458
2016-12-13,35.1903
2016-12-14,34.5538
2016-12-15,34.5314
2016-12-16,34.464
2016-12-19,34.4265
2016-12-20,34.5323
2016-12-21,34.4794
2016-12-22,34.3133
2016-12-23,34.4114
2016-12-27,34.419
2016-12-28,34.3963
2016-12-29,34.5851
2016-12-30,34.6455
2017-01-03,34.8947
2017-01-04,35.2798
2017-01-05,35.5441
2017-01-06,35.4686
2017-01-09,35.4007
2017-01-10,35.4611
2017-01-11,35.7254
2017-01-12,35.7782
2017-01-13,35.884
2017-01-17,35.7933
2017-01-18,35.6045
2017-01-19,35.5744
2017-01-20,35.7178
2017-01-23,35.884
2017-01-24,36.0274
2017-01-25,36.405
2017-01-26,36.2917
2017-01-27,36.2087
2017-01-30,35.9746
2017-01-31,36.0576
2017-02-01,36.1785
2017-02-02,36.2238
2017-02-03,36.3899
2017-02-06,36.1785
2017-02-07,36.1407
2017-02-08,36.254
2017-02-09,36.3521
2017-02-10,36.5485
2017-02-13,36.692
2017-02-14,36.6617
2017-02-15,36.8656
2017-02-16,36.8958
2017-02-17,36.7373
2017-02-21,36.9487
2017-02-22,36.9563
2017-02-23,36.994
2017-02-24,36.6995
2017-02-27,36.6693
2017-02-28,36.5409
2017-03-01,36.9638
2017-03-02,36.6466
2017-03-03,36.8279
2017-03-06,36.7373
2017-03-07,36.6542
2017-03-08,36.4352
2017-03-09,36.4805
2017-03-10,36.8203
2017-03-13,37.0242
2017-03-14,36.7675
2017-03-15,37.364
2017-03-16,37.583
2017-03-17,37.5755
2017-03-20,37.651
2017-03-21,37.3867
2017-03-22,37.4546
2017-03-23,37.5377
2017-03-24,37.6741
2017-03-27,37.7271
2017-03-28,37.8483
2017-03-29,37.8938
2017-03-30,37.7422
2017-03-31,37.6362
2017-04-03,37.6286
2017-04-04,37.6589
2017-04-05,37.4922
2017-04-06,37.4922
2017-04-07,37.4544
2017-04-10,37.4241
2017-04-11,37.5301
2017-04-12,37.5377
2017-04-13,37.3256
2017-04-17,37.6286
2017-04-18,37.371
2017-04-19,37.2044
2017-04-20,37.5453
2017-04-21,37.5301
2017-04-24,38.3256
2017-04-25,38.5528
2017-04-26,38.4619
2017-04-27,38.4089
2017-04-28,38.4089
2017-05-01,38.5831
2017-05-02,38.8104
2017-05-03,38.6968
2017-05-04,38.7953
2017-05-05,39.1665
2017-05-08,38.9619
2017-05-09,38.9392
2017-05-10,39.068
2017-05-11,38.9847
2017-05-12,39.1892
2017-05-15,39.4619
2017-05-16,39.6134
2017-05-17,39.0907
2017-05-18,38.9998
2017-05-19,39.5377
2017-05-22,39.5907
2017-05-23,39.5907
2017-05-24,39.6665
2017-05-25,39.6816
2017-05-26,39.6438
2017-05-30,39.5604
2017-05-31,39.5453
2017-06-01,39.8407
2017-06-02,40.1816
2017-06-05,40.0225
2017-06-06,39.9392
2017-06-07,39.9544
2017-06-08,39.9165
2017-06-09,39.7347
2017-06-12,39.5983
2017-06-13,39.924
2017-06-14,39.871
2017-06-15,39.4771
2017-06-16,39.7574
2017-06-19,39.9316
2017-06-20,39.5453
2017-06-21,39.4809
2017-06-22,39.6188
2017-06-23,39.7183
2017-06-26,39.8332
2017-06-27,39.7413
2017-06-28,40.1242
2017-06-29,39.7107
2017-06-30,39.7949
2017-07-03,39.8255
2017-07-05,39.7949
2017-07-06,39.5575
2017-07-07,39.6035
2017-07-10,39.726
2017-07-11,39.8638
2017-07-12,40.2467
2017-07-13,40.3998
2017-07-14,40.7597
2017-07-17,40.6066
2017-07-18,40.7138
2017-07-19,40.9282
2017-07-20,41.0813
2017-07-21,40.9052
2017-07-24,40.9052
2017-07-25,40.9511
2017-07-26,41.1732
2017-07-27,41.0583
2017-07-28,41.0583
2017-07-31,41.1349
2017-08-01,41.3953
2017-08-02,41.3876
2017-08-03,41.3187
2017-08-04,41.3953
2017-08-07,41.4412
2017-08-08,41.2881
2017-08-09,41.1655
2017-08-10,40.507
2017-08-11,40.5147
2017-08-14,40.821
2017-08-15,40.7367
2017-08-16,41.0354
2017-08-17,40.5377
2017-08-18,40.6755
2017-08-21,40.7597
2017-08-22,40.9205
2017-08-23,40.9894
2017-08-24,40.9971
2017-08-25,41.2574
2017-08-28,41.2345
2017-08-29,41.066
2017-08-30,41.043
2017-08-31,41.357
2017-09-01,41.4718
2017-09-05,41.1579
2017-09-06,41.4489
2017-09-07,41.7628
2017-09-08,41.7245
2017-09-11,42.0844
2017-09-12,42.1074
2017-09-13,41.916
2017-09-14,42.0078
2017-09-15,42.1151
2017-09-18,42.184
2017-09-19,42.3295
2017-09-20,42.2586
2017-09-21,42.1816
2017-09-22,42.2201
2017-09-25,41.9507
2017-09-26,41.8352
2017-09-27,41.7967
2017-09-28,41.8968
2017-09-29,42.1354
2017-10-02,42.1354
2017-10-03,42.3741
2017-10-04,42.3433
2017-10-05,42.3587
2017-10-06,42.3048
2017-10-09,42.2971
2017-10-10,42.6667
2017-10-11,42.8591
2017-10-12,42.8206
2017-10-13,43.1055
2017-10-16,43.0593
2017-10-17,42.9438
2017-10-18,43.0516
2017-10-19,42.8745
2017-10-20,42.8514
2017-10-23,42.736
2017-10-24,42.8129
2017-10-25,42.659
2017-10-26,42.5974
2017-10-27,42.7668
2017-10-30,42.7898
2017-10-31,42.99
2017-11-01,43.1286
2017-11-02,43.221
2017-11-03,43.1363
2017-11-06,43.2826
2017-11-07,43.1209
2017-11-08,43.2826
2017-11-09,43.0208
2017-11-10,42.9053
2017-11-13,42.7129
2017-11-14,42.6667
2017-11-15,42.428
2017-11-16,42.913
2017-11-17,42.8745
2017-11-20,42.9438
2017-11-21,43.2903
2017-11-22,43.4134
2017-11-24,43.6444
2017-11-27,43.3211
2017-11-28,43.5828
2017-11-29,43.2826
2017-11-30,43.2595
2017-12-01,43.1902
2017-12-04,43.0362
2017-12-05,42.9746
2017-12-06,42.7283
2017-12-07,42.836
2017-12-08,43.0978
2017-12-11,43.1902
2017-12-12,43.1748
2017-12-13,43.4134
2017-12-14,43.2133
2017-12-15,43.1902
2017-12-18,43.6829
2017-12-19,43.552
2017-12-20,43.5443
2017-12-21,43.7612
2017-12-22,43.8933
2017-12-26,43.9166
2017-12-27,43.9944
2017-12-28,44.0721
2017-12-29,44.1576
2018-01-02,44.6007
2018-01-03,44.9116
2018-01-04,45.2847
2018-01-05,45.5878
2018-01-08,45.5645
2018-01-09,45.6034
2018-01-10,45.4479
2018-01-11,45.7355
2018-01-12,46.1785
2018-01-16,46.1319
2018-01-17,46.4506
2018-01-18,46.3962
2018-01-19,46.606
2018-01-22,46.8626
2018-01-23,47.0491
2018-01-24,47.2512
2018-01-25,47.0802
2018-01-26,47.5466
2018-01-29,47.0569
2018-01-30,46.6138
2018-01-31,46.6838
2018-02-01,46.6449
2018-02-02,45.6267
2018-02-05,43.7923
2018-02-06,44.8494
2018-02-07,44.041
2018-02-08,42.8284
2018-02-09,43.2326
2018-02-12,43.8389
2018-02-13,43.8389
2018-02-14,44.624
2018-02-15,45.0204
2018-02-16,45.0826
2018-02-20,44.5929
2018-02-21,44.4841
2018-02-22,44.6862
2018-02-23,45.1758
2018-02-26,45.5179
2018-02-27,44.7406
2018-02-28,44.2353
2018-03-01,43.7767
2018-03-02,43.9011
2018-03-05,44.0799
2018-03-06,44.4141
2018-03-07,44.3675
2018-03-08,44.4607
2018-03-09,44.8805
2018-03-12,44.9582
2018-03-13,44.6395
2018-03-14,44.7561
2018-03-15,44.6939
2018-03-16,44.6084
2018-03-19,44.2198
2018-03-20,44.3597
2018-03-21,44.4841
2018-03-22,43.5202
2018-03-23,43.0228
2018-03-26,43.9049
2018-03-27,43.4296
2018-03-28,43.5776
2018-03-29,44.0686
2018-04-02,43.3828
2018-04-03,43.788
2018-04-04,43.8582
2018-04-05,44.1465
2018-04-06,43.6867
2018-04-09,44.014
2018-04-10,44.5361
2018-04-11,44.4037
2018-04-12,44.5283
2018-04-13,44.4582
2018-04-16,44.5439
2018-04-17,44.7387
2018-04-18,44.9959
2018-04-19,44.8011
2018-04-20,44.5206
2018-04-23,44.3881
2018-04-24,44.2011
2018-04-25,44.0608
2018-04-26,44.3803
2018-04-27,44.4894
2018-04-30,44.2712
2018-05-01,44.1699
2018-05-02,44.053
2018-05-03,44.1465
2018-05-04,44.279
2018-05-07,44.2088
2018-05-08,44.3257
2018-05-09,44.3725
2018-05-10,44.8323
2018-05-11,44.8868
2018-05-14,44.9336
2018-05-15,44.5127
2018-05-16,44.731
2018-05-17,44.6297
2018-05-18,44.4348
2018-05-21,44.731
2018-05-22,44.7154
2018-05-23,44.3335
2018-05-24,44.1777
2018-05-25,44.014
2018-05-29,43.149
2018-05-30,43.7101
2018-05-31,43.5464
2018-06-01,43.9439
2018-06-04,44.1075
2018-06-05,44.014
2018-06-06,44.466
2018-06-07,44.1153
2018-06-08,44.1777
2018-06-11,44.3725
2018-06-12,44.1855
2018-06-13,44.1543
2018-06-14,43.9906
2018-06-15,43.6945
2018-06-18,43.3516
2018-06-19,42.8996
2018-06-20,43.0243
2018-06-21,42.6269
2018-06-22,43.0783
2018-06-25,42.4874
2018-06-26,42.5426
2018-06-27,42.0147
2018-06-28,42.2275
2018-06-29,42.6214
2018-07-02,42.1723
2018-07-03,42.2669
2018-07-05,42.5426
2018-07-06,42.7711
2018-07-09,43.228
2018-07-10,43.228
2018-07-11,42.5189
2018-07-12,42.8814
2018-07-13,43.0153
2018-07-16,42.9286
2018-07-17,43.0704
2018-07-18,43.0625
2018-07-19,42.842
2018-07-20,43.1728
2018-07-23,43.031
2018-07-24,43.3541
2018-07-25,43.8031
2018-07-26,43.5746
2018-07-27,43.6377
2018-07-30,43.6613
2018-07-31,43.7086
2018-08-01,43.5116
2018-08-02,43.1807
2018-08-03,43.2831
2018-08-06,43.0941
2018-08-07,43.3383
2018-08-08,43.3462
2018-08-09,43.228
2018-08-10,42.4087
2018-08-13,42.0856
2018-08-14,42.1644
2018-08-15,41.479
2018-08-16,41.7233
2018-08-17,41.999
2018-08-20,42.1881
2018-08-21,42.4953
2018-08-22,42.7159
2018-08-23,42.3141
2018-08-24,42.708
2018-08-27,43.2674
2018-08-28,43.1886
2018-08-29,43.3856
2018-08-30,42.842
2018-08-31,42.6608
2018-09-04,42.1487
2018-09-05,41.7626
2018-09-06,41.676
2018-09-07,41.3766
2018-09-10,41.4239
2018-09-11,41.4869
2018-09-12,41.6445
2018-09-13,42.0147
2018-09-14,42.0069
2018-09-17,41.9754
2018-09-18,42.4008
2018-09-19,42.645
2018-09-20,43.0862
2018-09-21,43.1098
2018-09-24,42.842
2018-09-25,43.0862
2018-09-26,43.1084
2018-09-27,43.0608
2018-09-28,42.7521
2018-10-01,42.8233
2018-10-02,42.5621
2018-10-03,42.4038
2018-10-04,41.8179
2018-10-05,41.5962
2018-10-08,41.4379
2018-10-09,41.2954
2018-10-10,40.2978
2018-10-11,39.7594
2018-10-12,40.1315
2018-10-15,39.9653
2018-10-16,40.7332
2018-10-17,40.3928
2018-10-18,39.7199
2018-10-19,39.9494
2018-10-22,39.8861
2018-10-23,39.4665
2018-10-24,38.366
2018-10-25,38.8569
2018-10-26,38.5323
2018-10-29,38.3106
2018-10-30,38.7698
2018-10-31,39.0944
2018-11-01,39.8069
2018-11-02,40.0286
2018-11-05,40.0365
2018-11-06,40.1236
2018-11-07,40.662
2018-11-08,40.2028
2018-11-09,39.7832
2018-11-12,39.1498
2018-11-13,39.3557
2018-11-14,39.4744
2018-11-15,39.7594
2018-11-16,39.7594
2018-11-19,39.419
2018-11-20,38.6194
2018-11-21,39.2132
2018-11-23,38.9677
2018-11-26,39.4823
2018-11-27,39.3873
2018-11-28,40.0682
2018-11-29,39.8703
2018-11-30,39.7515
2018-12-03,40.3216
2018-12-04,39.3398
2018-12-06,39.0152
2018-12-07,38.5085
2018-12-10,38.176
2018-12-11,38.3027
2018-12-12,38.9044
2018-12-13,38.849
2018-12-14,38.3106
2018-12-17,37.986
2018-12-18,38.0335
2018-12-19,37.5981
2018-12-20,37.5506
2018-12-21,36.9726
2018-12-24,36.5853
2018-12-26,37.4816
2018-12-27,37.4896
2018-12-28,37.6976
2018-12-31,37.7857
2019-01-02,37.7136
2019-01-03,37.2895
2019-01-04,38.5058
2019-01-07,38.6259
2019-01-08,38.9059
2019-01-09,39.4261
2019-01-10,39.5541
2019-01-11,39.298
2019-01-14,39.13
2019-01-15,39.3781
2019-01-16,39.5381
2019-01-17,39.7141
2019-01-18,40.0342
2019-01-22,39.4261
2019-01-23,39.6661
2019-01-24,39.8102
2019-01-25,40.2503
2019-01-28,40.0342
2019-01-29,40.1142
2019-01-30,40.5944
2019-01-31,40.6824
2019-02-01,40.6184
2019-02-04,40.7544
2019-02-05,41.1145
2019-02-06,40.8264
2019-02-07,40.2903
2019-02-08,40.1382
2019-02-11,40.0582
2019-02-12,40.4823
2019-02-13,40.4263
2019-02-14,40.4423
2019-02-15,40.8504
2019-02-19,41.0665
2019-02-20,41.2585
2019-02-21,41.1305
2019-02-22,41.3866
2019-02-25,41.5706
2019-02-26,41.7147
2019-02-27,41.5146
2019-02-28,41.3465
2019-03-01,41.4586
2019-03-04,41.4106
2019-03-05,41.4906
2019-03-06,41.3546
2019-03-07,40.8024
2019-03-08,40.7144
2019-03-11,41.1945
2019-03-12,41.2585
2019-03-13,41.5146
2019-03-14,41.4506
2019-03-15,41.8747
2019-03-18,42.1148
2019-03-19,42.1548
2019-03-20,42.1628
2019-03-21,42.1708
2019-03-22,41.2665
2019-03-25,41.3035
2019-03-26,41.5443
2019-03-27,41.4159
2019-03-28,41.4399
2019-03-29,41.6647
2019-04-01,42.2026
2019-04-02,42.2427
2019-04-03,42.5077
2019-04-04,42.5478
2019-04-05,42.6602
2019-04-08,42.6522
2019-04-09,42.5157
2019-04-10,42.6441
2019-04-11,42.4996
2019-04-12,42.8207
2019-04-15,42.7806
2019-04-16,42.9412
2019-04-17,42.9893
2019-04-18,42.9572
2019-04-22,42.8769
2019-04-23,42.9813
2019-04-24,42.5719
2019-04-25,42.4996
2019-04-26,42.7244
2019-04-29,42.8288
2019-04-30,42.8207
2019-05-01,42.596
2019-05-02,42.5317
2019-05-03,42.9652
2019-05-06,42.4434
2019-05-07,41.7209
2019-05-08,41.7611
2019-05-09,41.4239
2019-05-10,41.7289
2019-05-13,40.6853
2019-05-14,41.0947
2019-05-15,41.2232
2019-05-16,41.4159
2019-05-17,41.0707
2019-05-20,40.9101
2019-05-21,41.183
2019-05-22,41.0466
2019-05-23,40.6291
2019-05-24,40.9583
2019-05-28,40.7014
2019-05-29,40.5649
2019-05-30,40.7094
2019-05-31,40.5007
2019-06-03,40.7495
2019-06-04,41.1509
2019-06-05,41.0546
2019-06-06,41.1509
2019-06-07,41.6246
2019-06-10,41.7932
2019-06-11,42.0661
2019-06-12,41.6968
2019-06-13,41.745
2019-06-14,41.4078
2019-06-17,41.448
2019-06-18,42.1063
2019-06-19,42.3872
2019-06-20,42.8368
2019-06-21,42.6671
2019-06-24,42.7077
2019-06-25,42.4072
2019-06-26,42.5371
2019-06-27,42.6752
2019-06-28,42.8376
2019-07-01,43.0894
2019-07-02,43.2436
2019-07-03,43.3979
2019-07-05,43.1137
2019-07-08,42.8457
2019-07-09,42.6833
2019-07-10,42.8782
2019-07-11,42.9026
2019-07-12,42.9351
2019-07-15,43.0082
2019-07-16,42.8701
2019-07-17,42.7889
2019-07-18,42.9269
2019-07-19,42.7889
2019-07-22,42.8538
2019-07-23,43.0406
2019-07-24,43.0406
2019-07-25,42.6427
2019-07-26,42.7564
2019-07-29,42.7726
2019-07-30,42.3097
2019-07-31,41.9849
2019-08-01,41.6763
2019-08-02,41.3677
2019-08-05,40.2389
2019-08-06,40.58
2019-08-07,40.7587
2019-08-08,41.2297
2019-08-09,40.913
2019-08-12,40.515
2019-08-13,40.9617
2019-08-14,39.8085
2019-08-15,39.9547
2019-08-16,40.4582
2019-08-19,40.6531
2019-08-20,40.5719
2019-08-21,40.8805
2019-08-22,40.7262
2019-08-23,40.174
2019-08-26,40.4826
2019-08-27,40.4419
2019-08-28,40.5232
2019-08-29,40.8561
2019-08-30,41.0754
2019-09-03,40.913
2019-09-04,41.5301
2019-09-05,41.8469
2019-09-06,41.9768
2019-09-09,42.0255
2019-09-10,42.0986
2019-09-11,42.3341
2019-09-12,42.5777
2019-09-13,42.8214
2019-09-16,42.4803
2019-09-17,42.6102
2019-09-18,42.529
2019-09-19,42.594
2019-09-20,42.5534
2019-09-23,42.5047
2019-09-24,42.2759
2019-09-25,42.2433
2019-09-26,42.2841
2019-09-27,42.0309
2019-09-30,42.1943
2019-10-01,41.8104
2019-10-02,41.157
2019-10-03,41.4755
2019-10-04,41.7532
2019-10-07,41.6144
2019-10-08,41.2632
2019-10-09,41.5899
2019-10-10,41.9002
2019-10-11,42.57
2019-10-14,42.3985
2019-10-15,42.8395
2019-10-16,42.9294
2019-10-17,43.0437
2019-10-18,42.962
2019-10-21,43.2234
2019-10-22,43.1826
2019-10-23,43.3378
2019-10-24,43.4113
2019-10-25,43.5011
2019-10-28,43.689
2019-10-29,43.6155
2019-10-30,43.7788
2019-10-31,43.64
2019-11-01,44.0647
2019-11-04,44.3179
2019-11-05,44.3914
2019-11-06,44.3179
2019-11-07,44.4894
2019-11-08,44.3832
2019-11-11,44.2362
2019-11-12,44.1872
2019-11-13,44.0238
2019-11-14,43.9748
2019-11-15,44.2689
2019-11-18,44.2934
2019-11-19,44.2607
2019-11-20,44.032
2019-11-21,43.9503
2019-11-22,44.0402
2019-11-25,44.3669
2019-11-26,44.3669
2019-11-27,44.4649
2019-11-29,44.0728
2019-12-02,43.8932
2019-12-03,43.7461
2019-12-04,44.1219
2019-12-05,44.1219
2019-12-06,44.4976
2019-12-09,44.2689
2019-12-10,44.3506
2019-12-11,44.6446
2019-12-12,45.0856
2019-12-13,45.2735
2019-12-16,45.7064
2019-12-17,45.6492
2019-12-18,45.6819
2019-12-19,45.6574
2019-12-20,45.6737
2019-12-23,45.7464
2019-12-24,45.7547
2019-12-26,45.9529
2019-12-27,46.1759
2019-12-30,45.8208
2019-12-31,46.0025
2020-01-02,46.5146
2020-01-03,45.9447
2020-01-06,46.0107
2020-01-07,45.9281
2020-01-08,46.0107
2020-01-09,46.2173
2020-01-10,46.1594
2020-01-13,46.5064
2020-01-14,46.5146
2020-01-15,46.3907
2020-01-16,46.6385
2020-01-17,46.7872
2020-01-21,46.2751
2020-01-22,46.4403
2020-01-23,46.2586
2020-01-24,45.9942
2020-01-27,44.9865
2020-01-28,45.3251
2020-01-29,45.3499
2020-01-30,45.1847
2020-01-31,44.4413
2020-02-03,44.5239
2020-02-04,45.3086
2020-02-05,45.7216
2020-02-06,45.829
2020-02-07,45.3747
2020-02-10,45.4655
2020-02-11,45.796
2020-02-12,46.1264
2020-02-13,45.7712
2020-02-14,45.7464
2020-02-18,45.4655
2020-02-19,45.6803
2020-02-20,45.3086
2020-02-21,45.069
2020-02-24,43.4004
2020-02-25,42.8057
2020-02-26,42.8883
2020-02-27,41.6657
2020-02-28,41.5088
2020-03-02,41.9631
2020-03-03,41.5831
2020-03-04,42.657
2020-03-05,41.6327
2020-03-06,41.0132
2020-03-09,37.7751
2020-03-10,39.2372
2020-03-11,37.2877
2020-03-12,33.2814
2020-03-13,35.396
2020-03-16,31.4558
2020-03-17,33.0831
2020-03-18,30.8363
2020-03-19,31.1832
2020-03-20,31.0758
2020-03-23,30.443
2020-03-24,32.9944
2020-03-25,34.1872
2020-03-26,35.5292
2020-03-27,34.3032
2020-03-30,34.9411
2020-03-31,34.7588
2020-04-01,33.4334
2020-04-02,34.2038
2020-04-03,33.4914
2020-04-06,35.2061
2020-04-07,35.4464
2020-04-08,35.7943
2020-04-09,36.3659
2020-04-13,36.2333
2020-04-14,36.8712
2020-04-15,35.8357
2020-04-16,35.844
2020-04-17,36.7801
2020-04-20,36.2499
2020-04-21,35.4712
2020-04-22,36.1919
2020-04-23,36.1091
2020-04-24,36.4073
2020-04-27,36.9209
2020-04-28,37.186
2020-04-29,38.1635
2020-04-30,37.4013
2020-05-01,36.4984
2020-05-04,36.5564
2020-05-05,36.6889
2020-05-06,36.5398
2020-05-07,36.9871
2020-05-08,37.6002
2020-05-11,37.567
2020-05-12,37.186
2020-05-13,36.9126
2020-05-14,36.7552
2020-05-15,36.6309
2020-05-18,38.0558
2020-05-19,37.6664
2020-05-20,38.3043
2020-05-21,37.9232
2020-05-22,37.6499
2020-05-26,38.6936
2020-05-27,39.0498
2020-05-28,39.2238
2020-05-29,39.2735
2020-06-01,40.1184
2020-06-02,40.7149
2020-06-03,41.5929
2020-06-04,41.303
2020-06-05,42.1065
2020-06-08,42.5953
2020-06-09,42.1314
2020-06-10,42.0817
2020-06-11,39.8119
2020-06-12,40.5823
2020-06-15,40.6237
2020-06-16,41.0876
2020-06-17,41.1953
2020-06-18,41.1042
2020-06-19,40.9385
2020-06-22,41.4647
2020-06-23,41.7145
2020-06-24,40.8153
2020-06-25,41.2316
2020-06-26,40.6904
2020-06-29,41.0151
2020-06-30,40.9402
2020-07-01,41.1483
2020-07-02,41.7562
2020-07-06,42.6887
2020-07-07,42.0975
2020-07-08,42.6387
2020-07-09,42.2641
2020-07-10,42.4805
2020-07-13,42.2058
2020-07-14,42.6804
2020-07-15,43.0551
2020-07-16,42.672
2020-07-17,42.9135
2020-07-20,43.2049
2020-07-21,43.4464
2020-07-22,43.463
2020-07-23,43.13
2020-07-24,42.9718
2020-07-27,43.5879
2020-07-28,43.2799
2020-07-29,43.8294
2020-07-30,43.2799
2020-07-31,42.6387
2020-08-03,43.2549
2020-08-04,43.5879
2020-08-05,43.8461
2020-08-06,43.9793
2020-08-07,43.5879
2020-08-10,43.7212
2020-08-11,43.8211
2020-08-12,44.6204
2020-08-13,44.4289
2020-08-14,44.2124
2020-08-17,44.6287
2020-08-18,44.6121
2020-08-19,44.3373
2020-08-20,44.2207
2020-08-21,44.1208
2020-08-24,44.6287
2020-08-25,44.7952
2020-08-26,45.0284
2020-08-27,44.6371
2020-08-28,45.045
2020-08-31,44.5288
2020-09-01,44.7952
2020-09-02,45.1699
2020-09-03,44.1874
2020-09-04,44.279
2020-09-08,43.6462
2020-09-09,44.3873
2020-09-10,43.8377
2020-09-11,44.2457
2020-09-14,44.6287
2020-09-15,44.9368
2020-09-16,44.8702
2020-09-17,44.8535
2020-09-18,44.5205
2020-09-21,43.6733
2020-09-22,43.5895
2020-09-23,43.0616
2020-09-24,42.9862
2020-09-25,43.1454
2020-09-28,43.732
2020-09-29,43.6733
2020-09-30,43.7152
2020-10-01,44.0672
2020-10-02,43.8744
2020-10-05,44.5196
2020-10-06,44.2012
2020-10-07,44.6453
2020-10-08,44.9554
2020-10-09,45.2654
2020-10-12,45.5335
2020-10-13,45.1397
2020-10-14,44.9889
2020-10-15,44.5196
2020-10-16,44.704
2020-10-19,44.5029
2020-10-20,44.8381
2020-10-21,44.7124
2020-10-22,44.7207
2020-10-23,44.9721
2020-10-26,44.218
2020-10-27,44.0588
2020-10-28,42.8019
2020-10-29,43.0616
2020-10-30,42.7097
2020-11-02,43.3046
2020-11-03,44.1426
2020-11-04,44.8297
2020-11-05,45.8017
2020-11-06,45.9441
2020-11-09,46.9078
2020-11-10,47.0586
2020-11-11,47.3854
2020-11-12,46.7486
2020-11-13,47.4022
2020-11-16,47.9971
2020-11-17,47.9971
2020-11-18,47.7708
2020-11-19,48.0474
2020-11-20,48.1982
2020-11-23,48.2652
2020-11-24,48.9775
2020-11-25,48.8099
2020-11-27,49.1702
2020-11-30,48.0976
2020-12-01,49.187
2020-12-02,49.2205
2020-12-03,49.4467
2020-12-04,49.8992
2020-12-07,49.6478
2020-12-08,49.7735
2020-12-09,49.7149
2020-12-10,49.9327
2020-12-11,49.6897
2020-12-14,49.6981
2020-12-15,50.2344
2020-12-16,50.3601
2020-12-17,50.712
2020-12-18,50.5109
2020-12-21,49.8847
2020-12-22,49.7408
2020-12-23,50.2063
2020-12-24,50.2316
2020-12-28,50.5363
2020-12-29,50.9594
2020-12-30,51.2386
2020-12-31,50.9086
2021-01-04,51.2133
2021-01-05,51.958
2021-01-06,52.2372
2021-01-07,52.4572
2021-01-08,53.1257
2021-01-11,52.4234
2021-01-12,52.6942
2021-01-13,52.6857
2021-01-14,53.1511
2021-01-15,52.3387
2021-01-19,52.8634
2021-01-20,53.4388
2021-01-21,53.5065
2021-01-22,53.1426
2021-01-25,53.2188
2021-01-26,53.1173
2021-01-27,51.8818
2021-01-28,52.2457
2021-01-29,51.0356
2021-02-01,51.958
2021-02-02,52.5841
2021-02-03,52.7788
2021-02-04,52.8295
2021-02-05,53.1934
2021-02-08,53.5235
2021-02-09,53.8873
2021-02-10,53.8196
2021-02-11,54.2258
2021-02-12,54.4881
2021-02-16,54.7335
2021-02-17,54.4966
2021-02-18,54.0396
2021-02-19,54.3443
2021-02-22,53.7688
2021-02-23,53.9042
2021-02-24,53.9212
2021-02-25,52.948
2021-02-26,52.2118
2021-03-01,53.3542
2021-03-02,53.1426
2021-03-03,52.8888
2021-03-04,52.2118
2021-03-05,52.6011
2021-03-08,52.051
2021-03-09,52.8549
2021-03-10,52.9988
2021-03-11,53.7435
2021-03-12,53.5742
2021-03-15,53.6842
2021-03-16,53.8112
2021-03-17,54.0312
2021-03-18,53.3965
2021-03-19,53.6673
2021-03-22,53.6631
2021-03-23,52.8487
2021-03-24,52.2803
2021-03-25,52.6197
2021-03-26,53.4849
2021-03-29,53.188
2021-03-30,53.205
2021-03-31,53.188
2021-04-01,53.9091
2021-04-05,54.5029
2021-04-06,54.189
2021-04-07,54.0618
2021-04-08,54.4011
2021-04-09,54.3926
2021-04-12,54.0703
2021-04-13,54.3841
2021-04-14,54.5283
2021-04-15,54.9016
2021-04-16,55.2663
2021-04-19,55.0967
2021-04-20,54.3332
2021-04-21,54.8507
2021-04-22,54.6216
2021-04-23,55.2409
2021-04-26,55.3087
2021-04-27,55.2239
2021-04-28,55.453
2021-04-29,55.4445
2021-04-30,54.664
2021-05-03,55.1306
2021-05-04,54.418
2021-05-05,54.9779
2021-05-06,55.4021
2021-05-07,56.0552
2021-05-10,55.5972
2021-05-11,54.9949
2021-05-12,53.9176
2021-05-13,54.206
2021-05-14,55.1136
2021-05-17,55.0288
2021-05-18,55.3597
2021-05-19,54.9694
2021-05-20,55.5632
2021-05-21,55.4105
2021-05-24,55.8092
2021-05-25,55.9619
2021-05-26,56.0892
2021-05-27,56.2164
2021-05-28,56.3437
2021-06-01,56.8781
2021-06-02,57.0053
2021-06-03,56.5727
2021-06-04,57.1156
2021-06-07,57.158
2021-06-08,57.0647
2021-06-09,56.8696
2021-06-10,57.1241
2021-06-11,57.192
2021-06-14,57.2598
2021-06-15,57.2089
2021-06-16,56.7169
2021-06-17,56.454
2021-06-18,55.5548
2021-06-21,56.2003
2021-06-22,56.1917
2021-06-23,56.0207
2021-06-24,56.5252
2021-06-25,56.7817
2021-06-28,56.5508
2021-06-29,56.5338
2021-06-30,56.1575
2021-07-01,56.2088
2021-07-02,56.2858
2021-07-06,55.8241
2021-07-07,56.0036
2021-07-08,55.1486
2021-07-09,56.0977
2021-07-12,56.2174
2021-07-13,56.0549
2021-07-14,56.149
2021-07-15,55.8583
2021-07-16,55.4308
2021-07-19,54.4903
2021-07-20,54.8066
2021-07-21,55.5077
2021-07-22,55.5761
2021-07-23,55.636
2021-07-26,55.4051
2021-07-27,54.9178
2021-07-28,55.5077
2021-07-29,55.8497
2021-07-30,55.5248
2021-08-02,55.7557
2021-08-03,56.1233
2021-08-04,56.072
2021-08-05,56.2345
2021-08-06,55.9694
2021-08-09,55.978
2021-08-10,56.0806
2021-08-11,56.4226
2021-08-12,56.2345
2021-08-13,56.4226
2021-08-16,56.0464
2021-08-17,55.3624
2021-08-18,55.2512
2021-08-19,54.6014
2021-08-20,54.7468
2021-08-23,55.3367
2021-08-24,55.8412
2021-08-25,55.8925
2021-08-26,55.5163
2021-08-27,56.1233
2021-08-30,56.1404
2021-08-31,56.3371
2021-09-01,56.833
2021-09-02,56.9869
2021-09-03,57.2862
2021-09-07,57.2691
2021-09-08,56.6877
2021-09-09,56.6363
2021-09-10,56.5338
2021-09-13,56.9014
2021-09-14,56.6107
2021-09-15,56.7475
2021-09-16,56.4739
2021-09-17,55.8668
2021-09-20,54.695
2021-09-21,55.1851
2021-09-22,55.6235
2021-09-23,56.1824
2021-09-24,55.6493
2021-09-27,55.7353
2021-09-28,54.6607
2021-09-29,54.4285
2021-09-30,54.3856
2021-10-01,54.5403
2021-10-04,53.9729
2021-10-05,54.2996
2021-10-06,53.9815
2021-10-07,54.6005
2021-10-08,54.6693
2021-10-11,54.5059
2021-10-12,54.4715
2021-10-13,55.0905
2021-10-14,55.5548
2021-10-15,56.0362
2021-10-18,55.8643
2021-10-19,56.3113
2021-10-20,56.4575
2021-10-21,56.1222
2021-10-22,56.2941
2021-10-25,56.3543
2021-10-26,56.3113
2021-10-27,56.0104
2021-10-28,56.4231
2021-10-29,55.9502
2021-11-01,56.4918
2021-11-02,56.2081
2021-11-03,56.5778
2021-11-04,56.5176
2021-11-05,56.638
2021-11-08,56.8185
2021-11-09,56.6466
2021-11-10,56.0792
2021-11-11,56.4489
2021-11-12,56.7756
2021-11-15,56.6552
2021-11-16,56.5348
2021-11-17,56.4059
2021-11-18,56.2511
2021-11-19,55.8901
2021-11-22,55.5376
2021-11-23,55.5032
2021-11-24,55.2797
2021-11-26,53.6978
2021-11-29,53.9299
2021-11-30,53.5688
2021-12-01,53.3109
2021-12-02,54.0159
2021-12-03,53.629
2021-12-06,54.1534
2021-12-07,55.1937
2021-12-08,55.3226
2021-12-09,54.91
2021-12-10,54.9959
2021-12-13,54.3254
2021-12-14,54.1104
2021-12-15,54.5575
2021-12-16,54.6263
2021-12-17,54.0503
2021-12-20,53.6846
2021-12-21,54.4002
2021-12-22,54.889
2021-12-23,55.1945
2021-12-27,55.5959
2021-12-28,55.5348
2021-12-29,55.4825
2021-12-30,55.561
2021-12-31,55.4825
2022-01-03,55.8403
2022-01-04,55.9101
2022-01-05,55.3516
2022-01-06,55.1945
2022-01-07,55.4389
2022-01-10,55.0286
2022-01-11,55.8141
2022-01-12,56.4687
2022-01-13,55.98
2022-01-14,55.9276
2022-01-18,55.0985
2022-01-19,55.1421
2022-01-20,54.985
2022-01-21,54.1908
2022-01-24,53.5624
2022-01-25,53.3616
2022-01-26,53.0213
2022-01-27,52.646
2022-01-28,52.8991
2022-01-31,53.9115
2022-02-01,54.3741
2022-02-02,54.6534
2022-02-03,53.9202
2022-02-04,54.0075
2022-02-07,54.086
2022-02-08,54.4002
2022-02-09,55.2905
2022-02-10,54.6621
2022-02-11,53.9115
2022-02-14,53.5886
2022-02-15,54.5661
2022-02-16,54.8104
2022-02-17,54.0511
2022-02-18,53.7108
2022-02-22,53.0736
2022-02-23,52.5499
2022-02-24,51.8779
2022-02-25,53.0562
2022-02-28,52.3754
2022-03-01,51.3979
2022-03-02,51.939
2022-03-03,51.1448
2022-03-04,49.9578
2022-03-07,48.3694
2022-03-08,48.6487
2022-03-09,50.3244
2022-03-10,49.696
2022-03-11,49.1025
2022-03-14,49.0327
2022-03-15,49.373
2022-03-16,51.5113
2022-03-17,51.7732
2022-03-18,52.3754
2022-03-21,51.9907
2022-03-22,52.5502
2022-03-23,52.0082
2022-03-24,52.3666
2022-03-25,52.3317
2022-03-28,52.2355
2022-03-29,53.2584
2022-03-30,53.0748
2022-03-31,52.2268
2022-04-01,52.795
2022-04-04,53.2234
2022-04-05,52.4978
2022-04-06,51.8421
2022-04-07,51.8071
2022-04-08,51.8246
2022-04-11,51.2127
2022-04-12,50.9329
2022-04-13,51.5361
2022-04-14,51.1952
2022-04-18,51.0028
2022-04-19,51.1078
2022-04-20,51.2913
2022-04-21,50.6269
2022-04-22,49.8401
2022-04-25,49.4992
2022-04-26,48.2315
2022-04-27,48.555
2022-04-28,49.2719
2022-04-29,48.8348
2022-05-02,48.6861
2022-05-03,49.1058
2022-05-04,49.8139
2022-05-05,48.2228
2022-05-06,47.7245
2022-05-09,46.2645
2022-05-10,46.5005
2022-05-11,46.247
2022-05-12,46.0722
2022-05-13,47.3136
2022-05-16,47.3048
2022-05-17,48.2752
2022-05-18,47.165
2022-05-19,47.6808
2022-05-20,47.9518
2022-05-23,48.6424
2022-05-24,48.2578
2022-05-25,48.3364
2022-05-26,48.9134
2022-05-27,49.5341
2022-05-31,49.5778
2022-06-01,49.097
2022-06-02,50.0762
2022-06-03,49.3156
2022-06-06,49.5341
2022-06-07,49.6828
2022-06-08,49.2806
2022-06-09,48.249
2022-06-10,47.2874
2022-06-13,45.6963
2022-06-14,45.5913
2022-06-15,46.2995
2022-06-16,45.1018
2022-06-17,44.9619
2022-06-21,45.7304
2022-06-22,45.2263
2022-06-23,45.1644
2022-06-24,46.3937
2022-06-27,46.3406
2022-06-28,46.1018
2022-06-29,45.81
2022-06-30,45.642
2022-07-01,45.6243
2022-07-05,44.7841
2022-07-06,44.7045
2022-07-07,45.4828
2022-07-08,45.5182
2022-07-11,44.6338
2022-07-12,44.5719
2022-07-13,44.5188
2022-07-14,43.9175
2022-07-15,44.4658
2022-07-18,44.7488
2022-07-19,45.81
2022-07-20,45.5624
2022-07-21,46.0753
2022-07-22,45.8454
2022-07-25,46.1549
2022-07-26,45.6154
2022-07-27,46.5882
2022-07-28,46.8712
2022-07-29,47.3046
2022-08-01,47.1719
2022-08-02,46.5882
2022-08-03,46.8889
2022-08-04,47.1365
2022-08-05,46.9066
2022-08-08,47.0481
2022-08-09,46.8005
2022-08-10,47.7733
2022-08-11,47.844
2022-08-12,48.2243
2022-08-15,47.9501
2022-08-16,47.9767
2022-08-17,47.6406
2022-08-18,47.4549
2022-08-19,46.8182
2022-08-22,46.146
2022-08-23,46.2699
2022-08-24,46.3583
2022-08-25,46.9685
2022-08-26,45.8984
2022-08-29,45.7658
2022-08-30,45.359
2022-08-31,45.1821
2022-09-01,44.6868
2022-09-02,44.4127
2022-09-06,44.1297
2022-09-07,44.51
2022-09-08,44.5277
2022-09-09,45.4916
2022-09-12,46.093
2022-09-13,44.5453
2022-09-14,44.7664
2022-09-15,44.3243
2022-09-16,43.9882
2022-09-19,44.2017
2022-09-20,43.5791
2022-09-21,42.9565
2022-09-22,42.8231
2022-09-23,41.5247
2022-09-26,40.8843
2022-09-27,40.6886
2022-09-28,41.4713
2022-09-29,40.8309
2022-09-30,40.7064
2022-10-03,41.5691
2022-10-04,43.0455
2022-10-05,42.663
2022-10-06,42.0761
2022-10-07,41.3468
2022-10-10,41.0266
2022-10-11,40.4841
2022-10-12,40.4218
2022-10-13,41.0711
2022-10-14,40.4218
2022-10-17,41.4624
2022-10-18,41.6759
2022-10-19,41.08
2022-10-20,41.1244
2022-10-21,41.8359
2022-10-24,41.3735
2022-10-25,42.085
2022-10-26,42.5741
2022-10-27,42.245
2022-10-28,42.4496
2022-10-31,42.0938
2022-11-01,42.5563
2022-11-02,42.0227
2022-11-03,41.8715
2022-11-04,43.4724
2022-11-07,43.5969
2022-11-08,44.0682
2022-11-09,43.3568
2022-11-10,45.4912
2022-11-11,46.3984
2022-11-14,45.9537
2022-11-15,46.4162
2022-11-16,46.0782
2022-11-17,46.1138
2022-11-18,46.0604
2022-11-21,45.678
2022-11-22,46.2205
2022-11-23,46.6919
2022-11-25,46.7986
2022-11-28,46.2739
2022-11-29,46.6385
2022-11-30,47.5813
2022-12-01,47.8303
2022-12-02,47.8747
2022-12-05,47.2166
2022-12-06,47.0032
2022-12-07,46.8964
2022-12-08,47.2344
2022-12-09,47.1632
2022-12-12,47.1988
2022-12-13,47.7591
2022-12-14,47.6969
2022-12-15,46.5585
2022-12-16,46.3006
2022-12-19,46.2457
2022-12-20,46.3897
2022-12-21,46.8308
2022-12-22,46.4707
2022-12-23,46.5787
2022-12-27,46.8308
2022-12-28,46.2727
2022-12-29,47.0289
2022-12-30,46.5607
2023-01-03,46.8758
2023-01-04,47.677
2023-01-05,47.2629
2023-01-06,48.3702
2023-01-09,48.6313
2023-01-10,48.8294
2023-01-11,49.1264
2023-01-12,49.7206
2023-01-13,49.9997
2023-01-17,50.0357
2023-01-18,49.7656
2023-01-19,49.8646
2023-01-20,50.3598
2023-01-23,50.6028
2023-01-24,50.6118
2023-01-25,50.8189
2023-01-26,50.999
2023-01-27,50.8819
2023-01-30,50.3508
2023-01-31,50.6028
2023-02-01,51.08
2023-02-02,50.9539
2023-02-03,50.3508
2023-02-06,49.8286
2023-02-07,50.1707
2023-02-08,49.9457
2023-02-09,50.0357
2023-02-10,49.8016
2023-02-13,50.2247
2023-02-14,50.2337
2023-02-15,49.9817
2023-02-16,49.7836
2023-02-17,49.7386
2023-02-21,49.1535
2023-02-22,48.8744
2023-02-23,49.1264
2023-02-24,48.3162
2023-02-27,48.7843
2023-02-28,48.4422
2023-03-01,48.9374
2023-03-02,49.0454
2023-03-03,49.6666
2023-03-06,49.5586
2023-03-07,48.7123
2023-03-08,48.9374
2023-03-09,48.3702
2023-03-10,47.9561
2023-03-13,47.7311
2023-03-14,48.1542
2023-03-15,46.9028
2023-03-16,47.578
2023-03-17,47.1099
2023-03-20,47.6883
2023-03-21,48.2568
2023-03-22,48.1304
2023-03-23,48.3199
2023-03-24,48.1936
2023-03-27,48.4462
2023-03-28,48.6448
2023-03-29,49.1049
2023-03-30,49.6463
2023-03-31,49.8178
2023-04-03,50.1787
2023-04-04,50.1516
2023-04-05,49.7997
2023-04-06,49.9712
2023-04-10,50.0073
2023-04-11,50.2329
2023-04-12,50.3682
2023-04-13,51.0269
2023-04-14,50.8194
2023-04-17,50.8194
2023-04-18,50.9818
2023-04-19,50.675
2023-04-20,50.666
2023-04-21,50.675
2023-04-24,50.7472
2023-04-25,49.9441
2023-04-26,50.0073
2023-04-27,50.6479
2023-04-28,50.7562
2023-05-01,50.657
2023-05-02,50.1246
2023-05-03,50.1877
2023-05-04,50.278
2023-05-05,50.9998
2023-05-08,51.0359
2023-05-09,50.8013
2023-05-10,50.7652
2023-05-11,50.5487
2023-05-12,50.3231
2023-05-15,50.8555
2023-05-16,50.3772
2023-05-17,50.6389
2023-05-18,50.4765
2023-05-19,50.6479
2023-05-22,50.8013
2023-05-23,50.0614
2023-05-24,49.4659
2023-05-25,49.3396
2023-05-26,49.917
2023-05-30,49.4478
2023-05-31,48.9786
2023-06-01,49.7456
2023-06-02,50.4765
2023-06-05,50.2509
2023-06-06,50.675
2023-06-07,50.296
2023-06-08,50.7382
2023-06-09,50.7743
2023-06-12,50.9547
2023-06-13,51.433
2023-06-14,51.6405
2023-06-15,52.1187
2023-06-16,51.9924
2023-06-20,51.2335
2023-06-21,51.2791
2023-06-22,51.0055
2023-06-23,50.212
2023-06-26,50.3397
2023-06-27,50.7684
2023-06-28,50.7136
2023-06-29,50.6224
2023-06-30,51.1514
2023-07-03,51.3612
2023-07-05,50.8687
2023-07-06,49.9566
2023-07-07,50.44
2023-07-10,50.5221
2023-07-11,51.0146
2023-07-12,51.9632
2023-07-13,52.702
2023-07-14,52.4102
2023-07-17,52.4375
2023-07-18,52.5926
2023-07-19,52.5652
2023-07-20,52.2642
2023-07-21,52.3463
2023-07-24,52.4558
2023-07-25,52.6564
2023-07-26,52.8297
2023-07-27,52.4923
2023-07-28,53.1399
2023-07-31,53.1399
2023-08-01,52.5105
2023-08-02,51.4889
2023-08-03,51.4251
2023-08-04,51.5619
2023-08-07,51.8447
2023-08-08,51.416
2023-08-09,51.4616
2023-08-10,51.5984
2023-08-11,51.197
2023-08-14,50.969
2023-08-15,50.3397
2023-08-16,49.9474
2023-08-17,49.7285
2023-08-18,49.6465
2023-08-21,49.7924
2023-08-22,49.7012
2023-08-23,50.294
2023-08-24,49.7377
2023-08-25,50.0022
2023-08-28,50.4674
2023-08-29,51.115
2023-08-30,51.0967
2023-08-31,50.8048
2023-09-01,51.0146
2023-09-05,50.5768
2023-09-06,50.4035
2023-09-07,50.1207
2023-09-08,50.0934
2023-09-11,50.6589
2023-09-12,50.4491
2023-09-13,50.3397
2023-09-14,50.8961
2023-09-15,50.7775
2023-09-18,50.5987
2023-09-19,50.562
2023-09-20,50.4061
2023-09-21,49.5717
2023-09-22,49.7642
2023-09-25,49.59
2023-09-26,48.8931
2023-09-27,48.8748
2023-09-28,49.1774
2023-09-29,49.0765
2023-10-02,48.4438
2023-10-03,47.8477
2023-10-04,47.8202
2023-10-05,48.1503
2023-10-06,48.7464
2023-10-09,48.6455
2023-10-10,49.3057
2023-10-11,49.5075
2023-10-12,49.0306
2023-10-13,48.6822
2023-10-16,49.049
2023-10-17,49.0123
2023-10-18,48.1778
2023-10-19,47.8477
2023-10-20,47.3434
2023-10-23,47.3251
2023-10-24,47.6643
2023-10-25,47.215
2023-10-26,46.9491
2023-10-27,46.8207
2023-10-30,47.3984
2023-10-31,47.4259
2023-11-01,47.8936
2023-11-02,48.8656
2023-11-03,49.5258
2023-11-06,49.4708
2023-11-07,49.1682
2023-11-08,49.0215
2023-11-09,48.9206
2023-11-10,49.1774
2023-11-13,49.2782
2023-11-14,50.5253
2023-11-15,50.6078
2023-11-16,50.3878
2023-11-17,50.9104
2023-11-20,51.2039
2023-11-21,50.9746
2023-11-22,51.0205
2023-11-24,51.2956
2023-11-27,51.1397
2023-11-28,51.3139
2023-11-29,51.2956
2023-11-30,51.3322
2023-12-01,51.7999
2023-12-04,51.3414
2023-12-05,51.1764
2023-12-06,51.2314
2023-12-07,51.4881
2023-12-08,51.479
2023-12-11,51.589
2023-12-12,51.644
2023-12-13,52.3959
2023-12-14,52.9278
2023-12-15,52.451
2023-12-18,52.5505
2023-12-19,53.0252
2023-12-20,52.3551
2023-12-21,53.2765
2023-12-22,53.2952
2023-12-26,53.5558
2023-12-27,53.8815
2023-12-28,53.9095
2023-12-29,53.9467
2024-01-02,53.3324
2024-01-03,52.9973
2024-01-04,53.0252
2024-01-05,53.0625
2024-01-08,53.4999
2024-01-09,52.9787
2024-01-10,53.2114
2024-01-11,53.2393
2024-01-12,53.4255
2024-01-16,52.4575
2024-01-17,51.8804
2024-01-18,52.2713
2024-01-19,52.5319
2024-01-22,52.504
2024-01-23,52.5412
2024-01-24,52.9135
2024-01-25,53.0532
2024-01-26,53.2207
2024-01-29,53.472
2024-01-30,53.3045
2024-01-31,53.0252
2024-02-01,53.5185
2024-02-02,53.1462
2024-02-05,52.9135
2024-02-06,53.472
2024-02-07,53.4813
2024-02-08,53.3417
2024-02-09,53.5651
2024-02-12,53.7233
2024-02-13,52.7739
2024-02-14,53.4255
2024-02-15,53.9467
2024-02-16,54.0584
2024-02-20,54.2259
2024-02-21,54.2817
2024-02-22,54.8402
2024-02-23,54.8681
2024-02-26,54.7471
2024-02-27,54.8495
2024-02-28,54.4493
2024-02-29,54.5703
2024-03-01,55.1939
2024-03-04,55.0264
2024-03-05,54.8216
2024-03-06,55.529
2024-03-07,56.0595
2024-03-08,55.9013
2024-03-11,55.7151
2024-03-12,56.1712
2024-03-13,56.0874
2024-03-14,55.7337
2024-03-15,55.6721
2024-03-18,55.6814
2024-03-19,55.7001
2024-03-20,56.298
2024-03-21,56.3074
2024-03-22,56.0925
2024-03-25,56.0458
2024-03-26,56.0458
2024-03-27,56.3541
2024-03-28,56.3354
2024-04-01,56.2326
2024-04-02,55.9991
2024-04-03,56.242
2024-04-04,55.8589
2024-04-05,56.0645
2024-04-08,56.3447
2024-04-09,56.4942
2024-04-10,55.7001
2024-04-11,55.8963
2024-04-12,54.9247
2024-04-15,54.6724
2024-04-16,54.0558
2024-04-17,54.0932
2024-04-18,54.1025
2024-04-19,54.0838
2024-04-22,54.6444
2024-04-23,55.1676
2024-04-24,55.0928
2024-04-25,54.9901
2024-04-26,55.4385
2024-04-29,55.7842
2024-04-30,55.0274
2024-05-01,54.9807
2024-05-02,55.9243
2024-05-03,56.4195
2024-05-06,56.7278
2024-05-07,56.6904
2024-05-08,56.6157
2024-05-09,56.9613
2024-05-10,57.0361
2024-05-13,57.1295
2024-05-14,57.4845
2024-05-15,58.0638
2024-05-16,57.8676
2024-05-17,58.1198
2024-05-20,58.1198
2024-05-21,57.9516
2024-05-22,57.5125
2024-05-23,57.1295
2024-05-24,57.5873
2024-05-28,57.5686
2024-05-29,56.6063
2024-05-30,56.9613
2024-05-31,57.2416
2024-06-03,57.4845
2024-06-04,57.1108
2024-06-05,57.6247
2024-06-06,57.8115
2024-06-07,57.1575
2024-06-10,57.307
2024-06-11,56.7932
2024-06-12,57.3911
2024-06-13,56.7932
2024-06-14,56.4755
2024-06-17,56.6717
2024-06-18,56.9333
2024-06-20,56.8959
2024-06-21,56.5607
2024-06-24,56.9751
2024-06-25,56.9751
2024-06-26,56.636
2024-06-27,56.7396
2024-06-28,56.7867
2024-07-01,56.8526
2024-07-02,57.0692
2024-07-03,57.7473
2024-07-05,58.0392
2024-07-08,57.8697
2024-07-09,57.7661
2024-07-10,58.4442
2024-07-11,58.7173
2024-07-12,59.2258
2024-07-15,58.7361
2024-07-16,59.0657
2024-07-17,58.6137
2024-07-18,58.0486
2024-07-19,57.6625
2024-07-22,58.1899
2024-07-23,57.8414
2024-07-24,57.1163
2024-07-25,56.8338
2024-07-26,57.5495
2024-07-29,57.3046
2024-07-30,57.3329
2024-07-31,58.2746
2024-08-01,56.9562
2024-08-02,55.9862
2024-08-05,54.6489
2024-08-06,54.8185
2024-08-07,55.1292
2024-08-08,56.1557
2024-08-09,56.3441
2024-08-12,56.3912
2024-08-13,57.2199
2024-08-14,57.2387
2024-08-15,57.945
2024-08-16,58.3217
2024-08-19,58.9809
2024-08-20,58.6984
2024-08-21,59.1787
2024-08-22,58.7078
2024-08-23,59.7438
2024-08-26,59.4612
2024-08-27,59.6684
2024-08-28,59.3576
2024-08-29,59.5083
2024-08-30,59.6778
2024-09-03,58.6702
2024-09-04,58.5477
2024-09-05,58.6419
2024-09-06,57.5589
2024-09-09,58.1522
2024-09-10,57.9168
2024-09-11,58.2464
2024-09-12,58.7738
2024-09-13,58.9339
2024-09-16,59.32
2024-09-17,59.1316
2024-09-18,58.9339
2024-09-19,60.0828
2024-09-20,59.6591
2024-09-23,59.9712
2024-09-24,60.8035
2024-09-25,60.34
2024-09-26,61.8249
2024-09-27,61.5506
2024-09-30,61.229
2024-10-01,61.0683
2024-10-02,61.2858
2024-10-03,60.6427
2024-10-04,61.1061
2024-10-07,60.9832
2024-10-08,60.4062
2024-10-09,60.34
2024-10-10,60.2833
2024-10-11,60.6332
2024-10-14,60.671
2024-10-15,59.7064
2024-10-16,60.009
2024-10-17,59.9144
2024-10-18,60.3968
2024-10-21,59.8009
2024-10-22,59.5645
2024-10-23,59.0349
2024-10-24,59.1578
2024-10-25,58.997
2024-10-28,59.3943
2024-10-29,59.1862
2024-10-30,58.8363
2024-10-31,58.4958
2024-11-01,58.562
2024-11-04,58.7417
2024-11-05,59.3848
2024-11-06,58.666
2024-11-07,59.678
2024-11-08,58.6849
2024-11-11,58.6093
2024-11-12,57.6446
2024-11-13,57.3514
2024-11-14,57.2852
2024-11-15,57.1339
2024-11-18,57.5027
2024-11-19,57.5216
2024-11-20,57.3798
2024-11-21,57.4081
2024-11-22,57.6068
2024-11-25,57.7959
2024-11-26,57.5027
2024-11-27,57.7581
2024-11-29,58.3634
2024-12-02,58.4769
2024-12-03,58.7228
2024-12-04,58.7322
2024-12-05,59.0916
2024-12-06,58.9876
2024-12-09,59.3091
2024-12-10,58.666
2024-12-11,59.0254
2024-12-12,58.4958
2024-12-13,58.3539
2024-12-16,58.1553
2024-12-17,57.9472
2024-12-18,56.5664
2024-12-19,56.5664
2024-12-20,56.6386
2024-12-23,56.9656
2024-12-24,57.1484
2024-12-26,57.2638
2024-12-27,57.1388
2024-12-30,56.754
2024-12-31,56.6866
2025-01-02,56.5905
2025-01-03,56.8886
2025-01-06,57.3311
2025-01-07,57.0714
2025-01-08,56.9464
2025-01-10,56.0133
2025-01-13,55.8017
2025-01-14,56.1095
2025-01-15,56.7732
2025-01-16,56.956
2025-01-17,57.235
2025-01-21,58.2161
2025-01-22,58.0911
2025-01-23,58.4662
2025-01-24,58.7548
2025-01-27,58.4085
2025-01-28,58.4758
2025-01-29,58.4855
2025-01-30,59.1877
2025-01-31,58.6009
2025-02-03,58.0141
2025-02-04,58.7548
2025-02-05,59.1396
2025-02-06,59.3993
2025-02-07,59.0145
2025-02-10,59.4859
2025-02-11,59.5917
2025-02-12,59.7552
2025-02-13,60.3997
2025-02-14,60.5151
2025-02-18,60.8711
2025-02-19,60.467
2025-02-20,60.8326
2025-02-21,60.4382
2025-02-24,60.14
2025-02-25,60.4767
2025-02-26,60.6594
2025-02-27,59.8514
2025-02-28,59.6879
2025-03-03,59.8899
2025-03-04,59.9187
2025-03-05,61.4194
2025-03-06,60.9288
2025-03-07,61.4482
2025-03-10,60.0534
2025-03-11,60.0053
2025-03-12,60.4189
2025-03-13,60.0534
2025-03-14,61.1212
2025-03-17,61.9196
2025-03-18,61.8426
2025-03-19,62.0061
2025-03-20,61.5252
2025-03-21,61.227
2025-03-24,61.3235
2025-03-25,61.5261
2025-03-26,60.8894
2025-03-27,61.0244
2025-03-28,60.3105
2025-03-31,59.9149
2025-04-01,60.0886
2025-04-02,60.2429
2025-04-03,59.0369
2025-04-04,55.4285
2025-04-07,53.9234
2025-04-08,53.5857
2025-04-09,57.4064
2025-04-10,56.374
2025-04-11,57.9177
2025-04-14,58.5545
2025-04-15,58.8729
2025-04-16,58.5642
2025-04-17,59.1623
2025-04-21,58.9501
2025-04-22,60.0403
2025-04-23,60.3105
2025-04-24,61.0823
2025-04-25,61.1306
2025-04-28,61.4875
2025-04-29,61.6805
2025-04-30,61.613
2025-05-01,61.4586
2025-05-02,62.7418
2025-05-05,62.9734
2025-05-06,62.8672
2025-05-07,62.5006
2025-05-08,62.3366
2025-05-09,62.6839
2025-05-12,63.3014
2025-05-13,63.4268
2025-05-14,63.3786
2025-05-15,63.8803
2025-05-16,63.9575
2025-05-19,64.3916
2025-05-20,64.5942
2025-05-21,64.2951
2025-05-22,64.189
2025-05-23,64.4013
2025-05-27,65.0284
2025-05-28,64.4688
2025-05-29,64.7486
2025-05-30,64.5846
2025-06-02,65.2503
2025-06-03,64.9319
2025-06-04,65.3564
2025-06-05,65.4433
2025-06-06,65.6169
2025-06-09,65.7713
2025-06-10,66.0125
2025-06-11,66.0704
2025-06-12,66.437
2025-06-13,65.5494
2025-06-16,65.9836
2025-06-17,65.1731
2025-06-18,65.2503
2025-06-20,64.7304
2025-06-23,65.226
2025-06-24,66.2172
2025-06-25,66.0423
2025-06-26,66.6934
2025-06-27,66.9655
2025-06-30,67.1404
2025-07-01,67.1599
2025-07-02,67.3737
2025-07-03,67.5291
2025-07-07,66.6934
2025-07-08,67.121
2025-07-09,67.4222
2025-07-10,67.5194
2025-07-11,67.053
2025-07-14,67.121
2025-07-15,66.7906
2025-07-16,67.0821
2025-07-17,67.3251
2025-07-18,67.1599
2025-07-21,67.568
2025-07-22,67.8498
2025-07-23,69.0646
2025-07-24,68.5981
2025-07-25,68.4912
2025-07-28,67.6069
2025-07-29,67.568
2025-07-30,67.0821
2025-07-31,66.5379
2025-08-01,66.3144
2025-08-04,67.1307
2025-08-05,67.3056
2025-08-06,67.7429
2025-08-07,68.2288
2025-08-08,68.4523
2025-08-11,68.2385
2025-08-12,68.9965
2025-08-13,69.4436
2025-08-14,69.1326
2025-08-15,69.4436
2025-08-18,69.5407
2025-08-19,69.3561
2025-08-20,69.4436
2025-08-21,69.1812
2025-08-22,70.3084
2025-08-25,69.6282
2025-08-26,69.5893
2025-08-27,69.3853
2025-08-28,69.6671
2025-08-29,69.3561
2025-09-02,68.8702
2025-09-03,69.016
2025-09-04,69.2978
2025-09-05,69.7545
2025-09-08,70.425
2025-09-09,70.3376
2025-09-10,70.4639
2025-09-11,71.2608
2025-09-12,71.0275
2025-09-15,71.5815
2025-09-16,71.6398
2025-09-17,71.5912
2025-09-18,71.6495
2025-09-19,71.4054
2025-09-22,71.7179
2025-09-23,71.6202
2025-09-24,71.2003
2025-09-25,70.7901
2025-09-26,71.044
2025-09-29,71.4249
2025-09-30,71.7374
2025-10-01,72.2354
2025-10-02,72.3721
2025-10-03,72.9092
2025-10-06,73.0655
2025-10-07,72.4991
2025-10-08,72.7823
2025-10-09,72.1475
2025-10-10,70.4776
2025-10-13,71.5518
2025-10-14,71.5616
2025-10-15,72.1866
2025-10-16,72.5089
2025-10-17,72.46
2025-10-20,73.1729
2025-10-21,72.4796
2025-10-22,72.5382
2025-10-23,72.9581
2025-10-24,73.1925
2025-10-27,73.7491
2025-10-28,73.7393
2025-10-29,73.5147
2025-10-30,73.0557
2025-10-31,72.88
2025-11-03,73.085
2025-11-04,72.1182
2025-11-05,72.6065
2025-11-06,72.3233
2025-11-07,72.46
2025-11-10,73.3682
2025-11-11,73.7589
2025-11-12,74.042
2025-11-13,73.2315
2025-11-14,73.1729
2025-11-17,72.2647
2025-11-18,71.63
2025-11-19,71.4444
2025-11-20,70.4972
2025-11-21,71.2101
2025-11-24,71.5128
2025-11-25,72.1768
2025-11-26,72.8604
2025-11-28,73.1827
2025-12-01,72.8995
2025-12-02,73.0167
2025-12-03,73.3096
2025-12-04,73.4659
2025-12-05,73.6124
2025-12-08,73.4561
2025-12-09,73.3585
2025-12-10,74.1495
2025-12-11,74.3448
2025-12-12,73.837
2025-12-15,74.0909
2025-12-16,73.6905
2025-12-17,73.2022
2025-12-18,73.7979
2025-12-19,74.2584
2025-12-22,74.676
2025-12-23,75.1335
2025-12-24,75.1932
2025-12-26,75.4318
2025-12-29,75.1932
2025-12-30,75.3423
2025-12-31,75.0241
2026-01-02,76.118
2026-01-05,76.9236
2026-01-06,77.1921
2026-01-07,76.8042
2026-01-08,76.854
2026-01-09,77.4009
2026-01-12,78.117
2026-01-13,77.6993
2026-01-14,78.0374
2026-01-15,78.1667
2026-01-16,78.2065
2026-01-20,77.3015
2026-01-21,78.1667
2026-01-22,78.644
2026-01-23,79.0916
2026-01-26,79.4197
2026-01-27,80.6529
2026-01-28,80.2949
2026-01-29,80.5037
2026-01-30,79.2209
2026-02-02,79.6684
2026-02-03,79.8673
2026-02-04,79.8076
2026-02-05,78.8529
2026-02-06,80.6032
2026-02-09,81.6971
2026-02-10,81.896
2026-02-11,82.5325
2026-02-12,81.6772
2026-02-13,81.9457
2026-02-17,81.7767
2026-02-18,82.0551
2026-02-19,81.9258
2026-02-20,82.9104
2026-02-23,82.4728
2026-02-24,82.9601
2026-02-25,83.7358
2026-02-26,83.4971
2026-02-27,83.348
2026-03-02,81.9457
2026-03-03,79.1214
2026-03-04,79.8971
2026-03-05,78.286
2026-03-06,77.5501
2026-03-09,78.5148
2026-03-10,78.6838
2026-03-11,78.6043
2026-03-12,77.0429
2026-03-13,76.3169
2026-03-16,77.8385
2026-03-17,78.1766
2026-03-18,76.8241
2026-03-19,76.7247
2026-03-20,74.3753
2026-03-23,76.2369
2026-03-24,75.6097
2026-03-25,76.7346
2026-03-26,74.8631
2026-03-27,74.3554
2026-03-30,74.2956
2026-03-31,76.7645
2026-04-01,77.6605
2026-04-02,77.1329
2026-04-06,77.6207
2026-04-07,77.6704
2026-04-08,80.8661
2026-04-09,80.7068
2026-04-10,80.9059
2026-04-13,81.5231
2026-04-14,82.439
2026-04-15,82.2797
2026-04-16,82.2598
2026-04-17,83.3748
2026-04-20,83.106
2026-04-21,81.5131
2026-04-22,82.2199
2026-04-23,81.3539
2026-04-24,82.1204
2026-04-27,81.9711
2026-04-28,81.5231
2026-04-29,80.8661
2026-04-30,82.6878
2026-05-01,82.5983
2026-05-04,81.8815
2026-05-05,83.0363
2026-05-06,85.2364
2026-05-07,83.8725
2026-05-08,85.0472
2026-05-11,85.0074
2026-05-12,83.8526
2026-05-13,84.6988
2026-05-14,84.6391
2026-05-15,82.7376
2026-05-18,83.1557
2026-05-19,82.429
2026-05-20,83.7929
2026-05-21,84.201
2026-05-22,84.0816
2026-05-26,85.7242
2026-05-27,85.4653
2026-05-28,85.6047
2026-05-29,85.6744
2026-06-01,85.9233
2026-06-02,86.5704
2026-06-03,85.7142
2026-06-04,85.8636
2026-06-05,82.658
2026-06-08,83.3648
2026-06-09,83.4444
2026-06-10,82.2199
2026-06-11,84.9576
2026-06-12,85.2961
2026-06-15,86.5903
2026-06-16,86.2419
2026-06-17,85.764
2026-06-18,86.77
2026-06-22,87.06
2026-06-23,84.41
2026-06-24,84.34
2026-06-25,85.08
2026-06-26,84.48
2026-06-29,84.93
2026-06-30,85.49
2026-07-01,84.53
2026-07-02,84.84
2026-07-06,86.17
2026-07-07,84.65
2026-07-08,84.44
2026-07-09,84.9
2026-07-10,85.34
2026-07-13,83.78
2026-07-14,84.66
2026-07-15,84.99
2026-07-16,84.06
2026-07-17,83.37
2026-07-20,83.07
2026-07-21,84.45
2026-07-22,84.46
2026-07-23,83.62
2026-07-24,83.4
2026-07-27,83.79
2026-07-28,83.25
2026-07-29,82.39
2026-07-30,84.77
2026-07-31,84.59
2026-08-03,85.02
2026-08-04,86.45
2026-08-05,86.51
2026-08-06,86.32
2026-08-07,87.21
2026-08-10,86.83
2026-08-11,86.92
2026-08-12,87.54
2026-08-13,87.72
2026-08-14,87.7
2026-08-17,87.87
2026-08-18,86.44
2026-08-19,86.97
2026-08-20,87.03
2026-08-21,87.71
2026-08-24,87.2
2026-08-25,88.12
2026-08-26,87.82
2026-08-27,87.93
